farm_name,lat,lon
NMHm,34.86515,-73.37721
k3Ke,35.53675,-73.3268
3mn3,35.26579,-73.31229
ZtLW,35.49699,-73.28366
ooqQ,35.93208,-73.27433
xS1s,35.11551,-73.23979
SQME,34.57128,-73.21411
WcSn,35.57945,-73.2132
nAjl,35.24044,-73.17434
mjFk,36.45895,-73.10378
3lMh,36.69215,-73.07868
dsgl,35.31822,-73.01067
WwUr,35.03128,-72.92412
GAuc,35.68649,-72.92094
x8F6,34.47345,-72.87806
m78c,36.63146,-72.86837
Q1oa,35.19983,-72.84058
lMjz,35.20653,-72.82486
m5D3,35.04514,-72.79016
ZQ8d,34.56699,-72.77085
SBdW,34.94145,-72.7303
9NJL,36.48894,-72.67433
uMvX,35.79583,-72.65801
Ay3C,36.70758,-72.64177
Uezs,36.47884,-72.60577
2mYF,36.56727,-72.53105
Nzmo,34.2531,-72.52706
Ukfp,36.23707,-72.50411
FLF6,34.53903,-72.49545
kuXa,34.55181,-72.45333
Owv3,34.15304,-72.4318
grfd,34.631,-72.4124
7UWw,35.43779,-72.39907
no5K,34.26569,-72.3819
JmkX,36.66173,-72.33572
yxqU,35.95477,-72.22397
SEKW,34.21119,-72.16598
2DYM,36.92531,-72.13266
puaV,34.03695,-72.11853
DOKy,34.55783,-72.11538
td2V,35.82529,-72.10667
QLBr,35.25507,-72.00321
ITHk,34.85231,-71.98103
l1vP,35.88391,-71.96372
FYx4,35.8165,-71.91385
WTAt,35.37729,-71.70567
NPak,36.8436,-71.69538
PlRN,34.7868,-71.68629
UIS9,35.51197,-71.6315
Jaad,35.4234,-71.62983
cKLz,34.90202,-71.60502
GRNp,34.59768,-71.59378
TC6g,35.21286,-71.5682
dbbM,36.38169,-71.51558
stoR,35.30992,-71.50691
uH8q,34.68467,-71.47871
I62g,36.82617,-71.45832
U6a3,35.2668,-71.45562
cxR7,34.74588,-71.42344
WF3m,35.8625,-71.41975
1s4D,35.46276,-71.39391
DuTY,34.49165,-71.34687
DmAT,34.22993,-71.3392
ZMGH,34.83701,-71.33468
wbWq,36.17827,-71.27875
dsh2,34.90188,-71.24895
tDSr,36.39497,-71.21768
WthQ,34.28413,-71.21293
gDOr,35.16065,-71.2087
CE97,34.9497,-71.07159
Vrjd,36.08426,-71.02735
doPy6,35.69271,-74.49759
DUBvw,33.96709,-74.49683
G18Ka,33.66126,-74.49533
1zSqR,37.34542,-74.4932
HyjAB,36.153,-74.49251
12gtZ,34.79599,-74.48997
PPQ3l,33.74682,-74.48919
0a2bY,34.38622,-74.48727
uE9C9,34.93596,-74.48693
E00FJ,33.58619,-74.4868
waTpI,35.42933,-74.48496
s90uO,37.0645,-74.48439
0dJl7,35.15892,-74.48271
yQkj2,36.51787,-74.48152
iJTs2,37.05274,-74.47887
nHVjy,34.3894,-74.47873
tOUav,35.63085,-74.47862
GQr5B,35.99401,-74.47859
Pz26z,36.40129,-74.47696
RGQgC,36.45353,-74.47653
TGOWA,35.11575,-74.47487
9Ck3C,35.68126,-74.4739
WzUgW,36.85361,-74.47364
rpeCm,36.40963,-74.47199
i3ge8,35.81227,-74.47011
3fSrr,37.42162,-74.46956
JTghy,36.12289,-74.46892
2PtfM,34.06754,-74.46872
ayII5,37.27056,-74.46705
FiL6S,34.54592,-74.46469
ipd8Y,36.37029,-74.46242
0qcNq,37.21484,-74.46098
zTXuX,34.35238,-74.45961
5cM48,34.77811,-74.45696
WsJyo,33.99025,-74.45652
zs7c8,34.16239,-74.4564
o8L39,35.36605,-74.45542
M8Ma6,35.19957,-74.44978
K4PmC,34.97718,-74.44595
he0Te,36.04517,-74.44356
FGfsg,36.30127,-74.44273
ee5qG,37.00813,-74.44244
ZSS3v,35.88937,-74.43907
EiXBa,35.40096,-74.43862
uJi0O,33.76193,-74.43668
Yperx,36.71999,-74.43653
MAJfi,36.88672,-74.43546
b7cTu,33.60759,-74.43487
ClVuT,34.90587,-74.43474
ebXVG,37.05729,-74.4345
lcdHO,35.4359,-74.43292
LhG7W,34.43825,-74.42904
2NbE0,37.04992,-74.42887
CFLsR,35.00869,-74.42828
PmcIt,36.73897,-74.4262
0ME5E,36.90301,-74.42617
DOgho,34.07456,-74.42404
XBe7B,35.82785,-74.4199
7hNyW,35.34277,-74.41406
tGCsp,37.15323,-74.41333
i5wPi,37.1803,-74.41313
M1c6e,36.07022,-74.4115
t8RtJ,36.05457,-74.41
ClWuU,34.09829,-74.40729
eoW1b,37.02733,-74.40629
aaBWq,37.32613,-74.4043
z4Zbc,33.97003,-74.40177
iVUYn,33.50458,-74.39909
0Vi68,35.87763,-74.39875
dpfNz,35.95804,-74.39359
Ct90d,33.81658,-74.39333
8gPZr,35.25557,-74.39303
NUbAM,35.32214,-74.39177
AOqS1,34.55043,-74.38851
NJ6Xx,35.19388,-74.38774
PaSuK,35.93164,-74.38697
wdyPs,36.74204,-74.38561
eyriX,34.21376,-74.38442
lmnrK,37.2556,-74.38332
FhIAr,34.15982,-74.38275
23C90,37.3941,-74.38196
KIEsr,35.3633,-74.38171
Fg8Cv,36.49737,-74.38146
X4TTb,34.75318,-74.3785
knz9b,36.14052,-74.37848
D84l8,36.57359,-74.37811
tmaxR,33.81032,-74.37758
bWpCR,36.38056,-74.37525
5lu16,33.68631,-74.37343
4IeK9,35.92783,-74.37059
USrKE,37.42665,-74.37004
cP8uU,36.40463,-74.36963
6GZMW,34.76,-74.36909
yo26X,36.43122,-74.36591
H5nLr,37.13901,-74.36586
NnIV5,33.8563,-74.3658
S7kxX,33.94557,-74.3612
UsQ7i,36.56808,-74.36112
zfa4s,34.75569,-74.36053
ewW3F,36.13278,-74.36047
oQWxY,37.02645,-74.35969
4ISLW,33.76046,-74.3596
KUxDF,37.3473,-74.3587
ZkvCG,37.02383,-74.35859
gTC7l,35.07077,-74.35659
rWyXi,35.68532,-74.35593
RXbiT,33.59926,-74.35576
0IVBD,33.88422,-74.35547
JWNiE,33.74986,-74.35474
TossA,35.63472,-74.35287
Ezuu6,33.61629,-74.35223
RfrgU,34.48528,-74.34718
xXWKv,33.65316,-74.34356
nDyKl,35.75213,-74.34313
8MZ3Q,34.33782,-74.3428
HdcM8,36.51659,-74.34209
xkjAj,36.00072,-74.34204
zRt0S,36.26169,-74.34111
jDbjz,36.41808,-74.3395
UOWOl,33.85414,-74.33868
6NqqS,37.42968,-74.33601
Dim1P,36.90233,-74.33486
QSdCW,36.59063,-74.33253
goz1s,34.18571,-74.33158
f2kJL,36.19459,-74.33117
Kc0qo,35.30077,-74.33028
QuBtq,35.28573,-74.32928
cQ4BA,37.34438,-74.32706
LWBGv,33.54491,-74.32555
G75wM,35.05141,-74.32555
xU4sm,37.393,-74.32553
uaitM,36.15458,-74.3251
kY6qb,34.9186,-74.32174
aM7Jz,35.68009,-74.31746
01XuQ,34.66415,-74.31353
Rbd1A,37.32213,-74.31122
0Wpig,33.69225,-74.30996
9EQn9,37.34004,-74.30733
ZsAeE,33.99194,-74.30616
sjby1,35.9675,-74.30374
SkZ3t,34.99135,-74.30317
RCc0n,35.86755,-74.30238
1hMY4,33.63445,-74.30097
CccOR,36.33789,-74.30079
lP2Af,34.56846,-74.29851
h14Bb,37.29428,-74.29823
pMHMZ,35.30923,-74.28857
Sv99J,36.42148,-74.28818
LuGqg,36.96522,-74.28602
l3cH4,36.6781,-74.28525
64X5m,34.86112,-74.28503
kxnRy,36.71988,-74.28497
wf2hq,36.90911,-74.2841
CFtQT,33.74609,-74.28142
4azSv,35.9896,-74.28107
g7W3J,36.14173,-74.27982
HwA3t,37.07903,-74.27772
ClHpt,36.42774,-74.27564
Zqjf8,35.74226,-74.27419
bulAF,36.34251,-74.2734
iddxR,35.05438,-74.27139
oVnFp,36.51898,-74.27136
FMvw7,34.02863,-74.26666
Wq2N5,34.95843,-74.26369
aEV6X,33.83729,-74.26182
nDZmf,34.50649,-74.2597
ujmGx,37.29227,-74.25903
rWJlq,37.02036,-74.2585
Ev9gc,36.27838,-74.2573
LHnT2,36.23904,-74.25546
6HAxu,35.2789,-74.25449
D80y5,33.93014,-74.25425
HzMIU,35.93462,-74.25397
bmVI6,36.54587,-74.25263
0UnEO,34.9009,-74.25189
DpGqS,34.47035,-74.24978
XMMm9,35.24871,-74.2495
MZFI9,34.08816,-74.24928
5mH5N,34.91746,-74.24474
xxYpB,34.24964,-74.24468
6XHZ3,36.03789,-74.24238
OPAUq,35.29583,-74.24197
aT8vU,34.94616,-74.24193
NtVRk,34.11558,-74.23543
XnOAH,34.31021,-74.23395
szVJX,34.43148,-74.23176
XLwZ5,37.06809,-74.23073
7twfr,35.01955,-74.22883
pVk1f,35.81208,-74.22762
i4wuj,35.45401,-74.22604
T1lpz,34.06095,-74.2219
4Y5M6,35.46455,-74.2215
1tTZp,35.59409,-74.22013
YHe5e,37.46832,-74.21629
deLoN,34.85283,-74.21426
2EQ8m,33.58021,-74.21356
KOIiT,36.1023,-74.21349
Id1lp,36.64585,-74.20983
qAdOi,36.10095,-74.20861
d5nlw,34.76034,-74.20768
thuhV,36.45916,-74.20686
weiBc,34.2616,-74.2056
3QB6B,34.47695,-74.20475
22saa,37.23185,-74.20252
msc9a,33.54511,-74.20176
tlYSD,36.74512,-74.20098
qmCj9,36.66084,-74.19411
hZimv,36.75799,-74.19399
Qw9KB,35.6604,-74.18903
39FMl,34.89892,-74.18713
8OZVf,35.19793,-74.18562
LyQLM,34.4463,-74.1847
BaJn4,36.05935,-74.18126
TS74v,36.59778,-74.17999
5gGio,36.52102,-74.17918
xX6Gu,35.1282,-74.17883
xedG0,35.29772,-74.17869
QIL3R,36.75036,-74.17824
qgddE,36.28235,-74.17809
M4MmH,36.59158,-74.17692
y0Ufr,36.15742,-74.17671
QRFdq,35.35558,-74.17558
EH8Vb,37.33803,-74.17288
tTwh3,36.41108,-74.1728
gu7Ag,36.22887,-74.17149
P8s0e,36.98007,-74.17135
v6uY0,34.75572,-74.17029
45B4g,35.21288,-74.16603
8H6Uj,34.37867,-74.16436
Y3vFZ,34.94284,-74.1638
Sgs1D,34.36506,-74.1598
3hUfN,34.0147,-74.15667
7S5Gp,34.08072,-74.15652
uUQta,37.08341,-74.15449
6Kbvo,33.73054,-74.1544
tDd1m,36.45227,-74.15414
R4pZa,35.19619,-74.15264
Jkri4,35.22987,-74.15209
3A00w,37.03551,-74.1499
Z7zaa,37.04499,-74.14936
6lLvW,34.63295,-74.14916
5SNQL,37.18217,-74.14856
9xfNO,36.50196,-74.14807
fnLcl,34.88172,-74.14457
4veWT,34.8879,-74.143
VjzYo,37.03294,-74.14216
4P22Q,33.55973,-74.14145
NotQZ,34.12584,-74.14086
NA3wv,36.25267,-74.13977
0ZfUf,35.32895,-74.13829
Ag4P1,37.28937,-74.13791
hghGl,36.18906,-74.13736
JoxGV,36.03064,-74.136
PduWZ,36.12238,-74.13527
oAkC6,35.63857,-74.13358
1LKpP,35.6569,-74.13241
B3Uik,35.42639,-74.13039
hyUaw,33.70753,-74.12931
QAVCK,36.78968,-74.12683
61CtZ,37.19828,-74.12637
0Hwsh,34.4336,-74.12296
js1JL,35.82222,-74.11859
fqaOE,37.19624,-74.11735
a2vEl,35.82781,-74.11706
XsxoI,33.8265,-74.11701
Ducp0,35.37285,-74.11536
gmFnY,36.08584,-74.1119
94RFR,36.58847,-74.1117
fyAGi,37.28956,-74.11044
aB4Zn,35.89776,-74.10913
R9ibo,34.85637,-74.10851
dUuly,35.10106,-74.10815
xnwCA,35.93789,-74.1078
803dK,37.33767,-74.10773
oyVks,37.25226,-74.10768
s69Ir,34.05716,-74.10662
ZNOA9,34.92134,-74.10639
9tPce,36.62581,-74.10582
LxxUW,36.78793,-74.1052
9P8Yj,37.12357,-74.10511
6DNDx,34.30084,-74.10509
c8ivb,34.34675,-74.10317
mY7UG,33.60438,-74.10296
RH0oQ,34.75362,-74.10185
UctQx,34.24132,-74.10105
4hwxE,33.94326,-74.09878
Fk6fA,35.12595,-74.09805
TEkLL,36.98203,-74.09658
Js0A8,36.57018,-74.09481
I7Vhf,36.08124,-74.0948
VpgSZ,34.91407,-74.09422
hD0sj,37.34735,-74.09218
B1bTG,35.11724,-74.09178
sJ3Jy,36.91581,-74.08951
xGAWu,34.35794,-74.08899
Ube6v,34.69188,-74.08884
qIoLs,35.60938,-74.08812
VwECO,37.05005,-74.08503
xmrWO,34.8102,-74.08472
f0AxN,34.90385,-74.08368
aWyFe,35.20551,-74.07957
lHiPr,37.05463,-74.07887
3RUZi,37.42003,-74.07822
lg4O3,33.5271,-74.07804
w0RfJ,35.55344,-74.07373
aWa2B,36.77057,-74.07167
Rzmoy,34.60096,-74.071
qx0k2,35.85591,-74.07004
YXwX2,34.69154,-74.06738
Lt6eo,34.25332,-74.06702
6JRsb,34.33621,-74.06331
Hm5Sb,33.69767,-74.0622
QF30l,35.0398,-74.05695
Xu7ej,35.067,-74.05689
MYiK8,34.61863,-74.05561
5WMj0,36.95825,-74.05405
jREHQ,34.09011,-74.05037
pl0mm,36.18995,-74.04892
SJuyG,34.93106,-74.04783
3oLGV,37.28738,-74.04727
JYxb2,34.07004,-74.0446
npaYi,34.91971,-74.04411
LUSv0,35.14643,-74.03969
RvQRf,36.10604,-74.03964
G0uLh,35.16768,-74.03695
Nq9nx,35.76196,-74.0366
ZhKLr,34.44983,-74.03597
TKgqi,34.17033,-74.03517
KAblT,35.02481,-74.03459
qWavF,35.84506,-74.03243
ExG8X,35.0943,-74.03151
7Ogc6,33.84603,-74.03063
XaFnD,36.75942,-74.02577
QcAjP,34.64236,-74.02517
6Qlq4,34.644,-74.02495
xqV9p,36.58888,-74.02347
9qQY9,34.07336,-74.02295
FdW86,37.35981,-74.02222
m8LYf,34.39646,-74.02152
fy53j,35.29961,-74.01554
TpvXj,37.47802,-74.01501
Yb7o8,35.9474,-74.01334
h4452,37.02832,-74.01111
LZkHp,36.67466,-74.00792
KSdUk,37.4057,-74.00676
fFLPh,37.33069,-74.00602
8CRcG,34.71949,-74.00546
y0N4J,35.11802,-74.00263
RxvMd,33.50422,-73.99645
d3IfY,35.39943,-73.99559
rJlYq,35.21752,-73.99541
riRI0,35.50288,-73.99338
n2s8b,36.43147,-73.99331
3iWX3,33.65369,-73.99202
wNU1Z,35.5702,-73.99119
ky53K,35.33237,-73.98931
IHqtA,36.21849,-73.98692
pvcMA,35.73872,-73.98629
Ysg1E,34.71361,-73.98571
lm7tp,34.24131,-73.98519
jrTgZ,34.59739,-73.98237
lqs8L,34.90261,-73.97719
zZT9q,34.13487,-73.97501
aq6FB,37.2057,-73.97411
xSOXF,35.87832,-73.97202
Krp6s,37.43538,-73.97173
w1fvp,36.44279,-73.97134
4dshG,35.04248,-73.96747
yTYVa,34.2122,-73.96677
XOhPy,35.90927,-73.96665
8OKb2,34.46987,-73.96402
AyUVm,34.01608,-73.96267
PngGE,34.0111,-73.96001
UxZjx,36.59403,-73.95933
DOO3B,37.17949,-73.95775
xWtLi,35.43788,-73.95439
i2aFI,33.69292,-73.95045
W3Yd5,35.94605,-73.94906
uCCUI,34.36089,-73.9488
P1HNS,34.92583,-73.94765
5ThVf,37.10111,-73.9448
NDhQI,34.15174,-73.94283
WwMEX,34.88976,-73.94279
jEVFe,35.96299,-73.9415
Rwgij,35.44764,-73.94133
TNSmn,36.17892,-73.94118
g8wqh,36.94076,-73.94003
hlHbm,36.83298,-73.93997
ktJSg,35.16724,-73.93929
0LFIG,34.06793,-73.93796
4ONJI,33.98431,-73.93794
PO6Ur,34.97357,-73.93427
b4BsD,34.49642,-73.93366
j9x3M,35.76939,-73.93332
nVVGB,35.35811,-73.93315
Qc04U,37.14416,-73.9328
taNnC,33.93401,-73.9313
IIcZy,34.65026,-73.92988
CxVF3,35.03358,-73.92896
J2CdA,37.46175,-73.92619
VPqQP,36.69046,-73.92192
Lfzpj,35.81349,-73.91944
gz1qB,35.47586,-73.91936
6lH3t,33.99394,-73.91787
OFYWM,34.29042,-73.91567
wf9cf,36.74505,-73.91381
PMcrE,36.89729,-73.91367
w5tSe,33.68007,-73.91361
5zqKP,33.81454,-73.91345
MtzWW,35.37527,-73.91019
6qIeN,37.26295,-73.90968
OXnrw,34.67233,-73.90755
eqzsd,37.39612,-73.90461
8QZLG,34.4214,-73.90351
5PMSS,37.07139,-73.90099
m49bG,36.6993,-73.89891
qBYu6,35.5941,-73.89852
rpmDf,35.60151,-73.89823
XIu5l,36.71173,-73.8975
OIYag,35.79096,-73.89568
FDMJ9,35.87833,-73.89545
bVuzb,33.69432,-73.89029
G19yx,36.7594,-73.88986
JFns4,36.55766,-73.88944
Zvmcg,37.4453,-73.88865
D3sZv,35.1582,-73.88831
pWTPB,34.93058,-73.88398
gSaoG,36.94933,-73.88166
SwV1r,34.6859,-73.88163
BTt3i,36.80273,-73.88145
KP22S,33.72881,-73.87889
3gMhx,36.93419,-73.87733
4EO8M,36.79943,-73.87224
LUWUX,35.50094,-73.87173
SorBj,34.88016,-73.87124
xYVBf,36.73618,-73.87004
esRB2,36.56813,-73.8686
36eKz,34.40833,-73.86818
Tbodb,34.44168,-73.86593
Pt2lB,36.29695,-73.86544
N0KA6,35.23829,-73.86484
0edgB,33.92524,-73.86342
J1vaV,36.52396,-73.86171
y4yDi,36.60836,-73.86071
teuq1,34.80769,-73.86053
WeYJf,34.70302,-73.86044
4YT5z,37.43866,-73.8585
BeSPI,36.56423,-73.85814
2utp2,36.07603,-73.85791
FJ1Cu,36.42367,-73.85616
gfkd9,33.7956,-73.85229
SrCUn,35.57048,-73.84703
t8Ggp,35.889,-73.84536
UgFNd,35.67314,-73.84487
Bxb3v,33.81132,-73.84324
iosY4,35.20649,-73.84285
Sz3Xj,35.74661,-73.83923
0dB3L,36.30432,-73.83873
xp1pN,36.11451,-73.83865
9xElM,34.19448,-73.8384
1x3Hw,36.96213,-73.83713
pYEtA,37.19654,-73.83444
ZgGdi,34.82123,-73.83256
CHu2r,35.56751,-73.83235
y1vnA,37.2143,-73.83175
IdM4w,37.11664,-73.82976
M5s3Q,36.03357,-73.82891
Ot5Ar,36.67733,-73.82574
lRb3f,33.61425,-73.81644
mcRLY,33.54127,-73.81603
Cuv9C,37.47024,-73.8152
4Zzdu,36.75888,-73.81302
uMbtW,33.94594,-73.81145
DcjL6,35.41344,-73.81047
2sh27,35.07757,-73.80994
AhOnN,34.14508,-73.80252
8VjaJ,35.39,-73.80124
VRUlM,33.5603,-73.80083
M9kJj,34.94082,-73.79983
y43f2,34.63843,-73.79722
rkkGZ,33.75384,-73.79512
4ePAs,34.20642,-73.79511
3w8Mz,37.30816,-73.79418
RXNkK,36.15531,-73.79181
ipgsh,35.42651,-73.79079
ZZccH,37.23572,-73.79006
N5mMH,36.07522,-73.78882
cOakA,37.26051,-73.7852
JUCbP,34.95303,-73.77939
VbCaw,35.93121,-73.77782
s4R13,36.26765,-73.77611
7vMgU,33.89047,-73.77596
YpVo9,35.33972,-73.76987
K7Eoj,36.24246,-73.76829
7EiBT,36.47524,-73.76445
hOntY,33.74146,-73.76336
FzpBH,33.5942,-73.76155
bbrgN,35.50439,-73.75864
0yC38,36.9674,-73.75787
8QF6R,37.29612,-73.75784
CUeRu,37.28624,-73.7547
MnWRY,36.56829,-73.75409
RSzQP,36.11368,-73.75163
GaWoz,36.94166,-73.7507
ifZZd,37.08152,-73.74545
1CQkJ,36.08354,-73.74538
U0yxR,33.67793,-73.74414
3hN6S,37.36429,-73.7439
YVEe7,34.78994,-73.73955
nwl03,35.31758,-73.73914
oOtNd,36.76583,-73.73456
mlLAS,37.11166,-73.73435
dvXvP,36.05126,-73.73426
1bLVq,37.49578,-73.73223
nGveD,34.11827,-73.73172
JeHRi,36.65589,-73.72908
na97q,35.70359,-73.72801
Yvd7n,37.26188,-73.72531
SkIlu,35.94692,-73.72483
TvhIn,36.1631,-73.72136
kxviG,34.87098,-73.71949
EoKDC,36.98527,-73.71349
N7Sy8,34.63522,-73.71341
vlPRg,36.67719,-73.71224
p0H7O,36.47507,-73.70932
pDSPa,33.87551,-73.70687
PAgq5,34.0581,-73.70653
M06J3,35.56877,-73.70351
Zj3Nr,35.97131,-73.69809
0s7wK,34.01062,-73.69685
MTS8t,36.64145,-73.69481
hDozu,35.42629,-73.6935
NGi74,36.82396,-73.69244
vUT0q,37.33612,-73.69066
b9y8k,36.31102,-73.68983
OHmw0,36.28232,-73.68882
o2QJM,36.60424,-73.68728
XfxDB,34.26348,-73.68682
odDts,34.66909,-73.68658
dfG13,34.69675,-73.68647
BgTwV,33.91218,-73.6863
80y1t,33.55191,-73.68426
vyzLu,37.37761,-73.68305
McL5Z,35.1812,-73.68272
4MYwA,36.61877,-73.68172
Rgpqz,34.37954,-73.68172
SB0jk,35.75645,-73.68162
BQxZG,37.09209,-73.67976
6Exbl,33.87974,-73.67966
44wjc,35.76759,-73.66991
lQemE,34.95492,-73.66604
aVtmU,34.29097,-73.66466
6Snf3,35.98795,-73.66243
GLVBb,33.98852,-73.65968
1vVit,33.6965,-73.65936
iEq5T,35.70291,-73.6592
9Mv5T,37.19393,-73.65911
ONf0u,37.20031,-73.65886
e05Iy,33.98589,-73.65854
69GO6,35.79668,-73.6578
synOz,36.49191,-73.65669
gZ8UP,36.14789,-73.65341
44RRW,35.65459,-73.65305
doIbd,33.65512,-73.65265
XnsRd,33.72545,-73.65242
ELsTx,35.73394,-73.6501
4ZGXW,36.81692,-73.64944
L6Dww,34.26287,-73.64904
V75uE,35.56932,-73.64874
6Rjtu,35.53763,-73.64371
BrfZ3,35.90165,-73.6418
a8bqH,33.84377,-73.64066
b2tlF,34.11149,-73.63789
n5kpb,36.55711,-73.63553
4pSiG,34.71057,-73.63214
WiX1u,34.6379,-73.63119
uXZ3D,36.04256,-73.63092
VK1FL,36.30278,-73.62967
ccq82,33.93609,-73.6295
hvXUt,36.82233,-73.62919
4lGkU,35.79945,-73.62907
NpSty,35.42115,-73.62249
Ij8VR,33.69122,-73.62243
3yubu,34.3127,-73.62209
se4iU,35.96408,-73.62178
QHHZA,35.92842,-73.61942
EdzKx,35.70543,-73.61829
yv4bQ,36.13927,-73.61583
vOJDj,34.15026,-73.60881
r1r6m,36.39344,-73.6085
gSEEW,33.81403,-73.60793
yyAOj,34.20773,-73.60582
dTALB,34.15116,-73.60568
gl2ns,36.22644,-73.60519
fMRRI,34.35774,-73.60463
ulOzO,34.80564,-73.60456
bL5eH,33.98928,-73.60149
DPVhJ,34.56566,-73.59853
ayoGL,36.95513,-73.59811
NoXAg,35.62204,-73.59731
PWHsW,36.23358,-73.59662
yLH6A,34.05298,-73.59499
BJuG1,36.4484,-73.59413
7AA23,33.66851,-73.59321
Pdgmc,37.27295,-73.59263
kNVEN,35.21195,-73.59244
UHcDU,34.17718,-73.59118
mdJIX,35.22516,-73.59118
DQDPN,37.19419,-73.58994
dqsIx,37.2902,-73.58848
ot5v7,36.86745,-73.58821
L5cBn,34.67685,-73.58789
5Jfdl,36.15092,-73.58427
Ar6jp,36.66573,-73.58233
qUP8u,37.43537,-73.5805
zskGX,36.91013,-73.57752
21RUS,34.79243,-73.57591
Kqq21,36.23223,-73.57431
XoW4t,33.56216,-73.5731
DBRVC,35.08049,-73.57249
u8oyo,35.68675,-73.57229
e9t4Q,36.86543,-73.57145
PMeLw,33.97345,-73.57132
zYi47,34.51452,-73.57064
5llRs,34.09313,-73.56876
3D59M,36.9912,-73.56755
5a03y,37.40523,-73.56626
o5acz,33.81093,-73.56564
vq49C,34.18691,-73.56432
VZZAm,37.01685,-73.56411
WYEjG,36.405,-73.56209
UsPdx,34.14591,-73.56168
S8ool,36.64397,-73.56096
dE9f5,33.81753,-73.56039
gAiiw,33.98667,-73.55855
Db8aR,36.28274,-73.55798
E2UCc,34.36948,-73.5556
Bu3hB,33.62432,-73.55529
qO1iR,34.22803,-73.55217
FswiX,35.07431,-73.54875
m4sI5,35.15894,-73.54817
Eg6ws,34.69913,-73.54768
iIYUQ,35.24299,-73.54583
DB4Jf,34.04476,-73.54539
6sEmu,36.87599,-73.54414
3kxYV,33.59685,-73.544
UXhui,34.1926,-73.54303
2VwfJ,36.22657,-73.54249
Wkdzo,34.51291,-73.542
v1m1W,35.67483,-73.54152
s1rIe,35.32238,-73.53857
ICDet,35.12791,-73.5377
CFrcL,34.48266,-73.53106
ovwEe,36.4377,-73.53042
XXrz6,36.40421,-73.52971
3X5YV,37.06719,-73.52905
Ybhcp,35.54665,-73.52528
uQPZv,37.13016,-73.52522
s25mA,34.40996,-73.52379
LlIaw,37.02633,-73.52061
4m9VM,36.25584,-73.51697
aIguK,37.36202,-73.51643
CFepu,33.71453,-73.51552
NOrJn,35.40036,-73.51315
FbMWm,35.22995,-73.5126
HBzej,35.93619,-73.51209
jkJBS,33.76986,-73.50986
yudFR,33.73233,-73.50773
pJF6P,37.24316,-73.50594
VmqUF,36.53056,-73.50581
wBMwd,33.506,-73.50424
QnykY,33.70726,-73.50397
3UaqO,36.64758,-73.50017
PQkUc,33.55859,-73.49834
unQ3j,35.78633,-73.49639
18rXN,36.10088,-73.49388
5Opjb,35.79615,-73.49292
F1Z3T,34.90251,-73.48829
ZwU4h,35.32962,-73.48772
M1WlC,36.15178,-73.48768
3V84s,35.43097,-73.48682
Mac2q,35.09101,-73.48653
lOuDE,35.34055,-73.48243
7m56X,37.08319,-73.48097
t8MhV,37.03644,-73.4776
hyH77,33.76413,-73.47691
Rd2J8,36.83612,-73.47562
4bxv4,36.62798,-73.4731
5sNzs,34.45387,-73.47292
C56Zn,35.69768,-73.46956
Z2OBh,35.59807,-73.46715
qkDrm,34.61286,-73.46648
e4oJb,35.85204,-73.46563
j2zFX,33.88663,-73.46543
kM7fj,33.64771,-73.46166
Arb8p,36.41869,-73.45462
ZUUVL,37.41754,-73.45435
VxVxD,34.36701,-73.45409
vQsRl,35.39126,-73.45382
dAjEZ,36.37014,-73.45275
BpIjG,36.81568,-73.4526
X6qts,35.67522,-73.45145
JiE6B,34.11341,-73.44899
Gy0uC,35.77644,-73.44871
gBPMf,35.73646,-73.44834
K35Ho,36.69623,-73.44687
FJrdw,35.54558,-73.44547
jb3rC,34.26062,-73.44522
rFrvw,35.19459,-73.4401
KFphC,33.50422,-73.43751
ChNr3,35.04088,-73.42876
6sp4w,34.67992,-73.42834
2lG8z,33.97268,-73.4262
Fytah,34.13659,-73.42311
2gtkQ,35.8428,-73.42161
yDMNT,35.44238,-73.42078
OoNRZ,36.06172,-73.41968
oVZY0,33.69417,-73.41747
DUy7B,34.74679,-73.41707
S0F8i,36.49124,-73.41631
blhts,35.39094,-73.41522
hf3do,35.98118,-73.41281
Y9oQD,34.09374,-73.40876
OfiMU,34.15408,-73.40861
zUJfy,36.96703,-73.40629
tMk70,37.49196,-73.40614
a1os9,35.84246,-73.40466
9cClB,35.33098,-73.40433
EWFYp,36.04078,-73.40085
pW8zr,33.71796,-73.40058
h8BiM,35.59427,-73.39964
yoboh,35.08382,-73.39688
xbbuh,33.56044,-73.39345
tmZ0O,34.25641,-73.39133
dbLt3,35.60833,-73.39103
OCANE,35.41451,-73.39081
4pZVC,35.60909,-73.39034
U7lqh,35.27635,-73.39022
BcfjT,36.11274,-73.38968
AyHdR,33.57206,-73.38711
HcNWc,37.43028,-73.38634
AmqBy,35.23935,-73.38632
2c0Ns,37.3724,-73.38504
9FCt6,35.46081,-73.38325
7hj0o,36.86371,-73.38234
VpGXA,35.22036,-73.3809
p3g0W,35.41498,-73.3793
ucPCO,35.78452,-73.37818
OIDiI,35.67149,-73.37813
g23CZ,36.22627,-73.37504
fT4qu,34.85583,-73.37368
dxWxr,35.57594,-73.37344
VzMyA,34.94932,-73.37281
KLChA,37.06536,-73.37238
qW0ZP,34.33714,-73.37171
yh6al,36.26554,-73.37099
PJkAO,33.52435,-73.36574
8QcEM,35.24634,-73.35985
ktb8c,36.45822,-73.35262
NouyB,36.00846,-73.35182
B7Qx2,34.10787,-73.35164
p0voT,35.21364,-73.35144
iPI59,34.12676,-73.34601
11UkO,34.23703,-73.34497
fh1cJ,37.41891,-73.34435
z6ipf,36.62037,-73.34379
X34mL,37.44178,-73.34043
4pfhE,33.59869,-73.33908
nRhvP,33.53638,-73.33818
qSIdb,34.60001,-73.33725
1x4DJ,34.2511,-73.33703
DgJQI,36.29702,-73.33556
WZ83C,34.76287,-73.33427
5PMtZ,36.71835,-73.33402
s650g,33.54265,-73.33307
cUOYh,37.12492,-73.33304
in8fE,35.45267,-73.32901
MByLa,33.52471,-73.32885
C6Hy7,37.19455,-73.32853
SOU75,34.12921,-73.32782
gYGx0,35.9788,-73.32323
cTaxy,33.90329,-73.3217
4IDPv,37.25982,-73.31965
rxKnc,37.2095,-73.31709
idCH8,36.244,-73.31525
Bp3A8,37.33245,-73.3152
Hfb1P,35.73502,-73.31221
O7v4A,34.98527,-73.31037
BPpPl,35.55118,-73.30863
WZJHw,36.61237,-73.30723
xAc4X,35.96426,-73.30696
Py91m,33.50948,-73.3049
pzsmE,36.98042,-73.30393
kGdrX,33.57641,-73.30266
NL8GJ,37.41241,-73.30265
VSCgL,35.54645,-73.29946
9YAyB,35.13236,-73.29869
Z3iAA,34.84323,-73.29699
qEiyv,33.651,-73.2926
YPBJO,36.51863,-73.29092
hn3Lm,37.42124,-73.2903
cfKRc,35.26245,-73.28165
vWUSc,33.80101,-73.28108
MPlN6,35.83422,-73.27992
8v08M,34.32126,-73.27778
88K6L,33.71587,-73.27664
lCI7M,36.53371,-73.27633
pNvB3,36.97001,-73.27114
EN9NV,35.81005,-73.27109
huu0W,35.79263,-73.27008
oA3DG,36.48133,-73.26794
hrShp,35.91743,-73.26769
hztRM,34.11057,-73.26601
eDIOB,35.99663,-73.2632
0FlZj,37.10434,-73.26278
EBw2k,34.16486,-73.25973
ahO9X,35.74765,-73.25906
me2xI,34.67233,-73.25869
9dK5k,34.89906,-73.25676
0iDmt,37.25514,-73.25637
Zpuho,36.18456,-73.25596
c0Ag1,36.09806,-73.25485
SbVP8,36.70932,-73.25206
dXG8a,33.91863,-73.25106
JQDAb,35.85189,-73.25097
7dd4y,34.89139,-73.25034
990fr,36.67,-73.24713
sSS8j,37.03369,-73.24161
uR07h,35.45507,-73.24088
GrXyN,34.41309,-73.24054
rwqfW,36.24956,-73.24033
Pr1y5,35.75307,-73.23783
K6W7w,36.5977,-73.23592
00PNN,36.50599,-73.23462
JbNyA,35.28192,-73.23426
wYS3Q,34.02625,-73.23351
GsLPt,37.49133,-73.23088
CKlgC,35.60291,-73.23056
kVqL6,37.28924,-73.22771
BBoED,33.8926,-73.22745
M0TCi,35.88416,-73.22633
1nj1l,33.76938,-73.22526
UX0Jm,35.95809,-73.22387
nG6IP,34.31875,-73.22269
5RRMI,34.21601,-73.22074
kO49V,36.21386,-73.22024
zHQEW,36.31044,-73.21827
GLSom,36.81208,-73.21805
3xPSU,34.48747,-73.218
a0O4P,36.77584,-73.21698
DdDjO,36.58449,-73.21301
EhZ3F,33.87754,-73.21202
c5myG,37.18891,-73.21029
OQTWQ,34.23444,-73.2093
c1XE5,36.36196,-73.20835
fipWl,36.90913,-73.20389
Z3kp5,35.38657,-73.20358
M0hDK,34.88473,-73.20258
f4wzS,36.2294,-73.20253
LS7zE,35.98928,-73.2023
ft4oG,37.09809,-73.20193
efwNG,36.72244,-73.20108
Uy4pA,36.7275,-73.20015
zas92,33.62257,-73.19879
AfDLE,33.64904,-73.19384
KAokR,34.23719,-73.19274
tQj8n,33.84217,-73.1924
86Rn5,35.24873,-73.19204
isSfC,34.26394,-73.18894
cFALD,36.57424,-73.18738
OPuvH,37.48627,-73.18558
TN3DS,37.41914,-73.1853
7rNvY,36.45975,-73.18527
Mct68,37.01035,-73.18456
JRmaH,36.23355,-73.1827
R7vYq,33.59606,-73.18252
GjeWh,36.38839,-73.18245
a2gb5,34.79011,-73.18128
IDqmO,35.92237,-73.18125
cTGX6,36.75417,-73.18087
OdbuL,36.89233,-73.18024
Zykc6,37.48013,-73.17926
ZtYb0,35.46522,-73.17795
anwfr,37.39665,-73.17664
EMmFX,36.30727,-73.17603
Tyk7S,34.53863,-73.17283
RRe1G,34.66719,-73.17171
qzZmh,34.10817,-73.17022
EDXLs,35.12983,-73.16865
O1VKH,33.94931,-73.16795
cjO4P,34.0228,-73.16545
BLjmn,35.25095,-73.16437
3t0id,36.59577,-73.15662
O1Jq0,33.76074,-73.1525
0UOd1,37.16765,-73.15144
V1011,34.35515,-73.14915
y5lUW,37.12383,-73.14474
kWon8,35.68176,-73.14383
Fxnz0,36.74639,-73.14301
kNfgz,36.71137,-73.14223
3NjP4,36.08618,-73.14193
kskLo,34.26413,-73.14027
d9384,37.4527,-73.13918
EfYBH,33.57569,-73.13434
xsu3E,34.54115,-73.13353
Hm1g8,34.99509,-73.13104
69uju,34.68281,-73.13042
TrqVo,36.70601,-73.12797
stoEh,33.63852,-73.12312
gsEAJ,34.91441,-73.12139
XgkVz,34.15232,-73.11803
VZcQD,34.97931,-73.11781
YdQ5L,36.93439,-73.11594
KoeD4,33.6226,-73.115
KO5Bp,36.99994,-73.11391
l0F9Z,36.95457,-73.11273
rIkIs,36.22333,-73.11251
2D2Eu,33.70749,-73.11116
l8efT,36.48076,-73.10969
w8yJ1,34.78146,-73.1093
RZDwS,34.85675,-73.10406
0LceG,33.95985,-73.10283
uuCSQ,37.22112,-73.10206
QO5yq,37.19367,-73.10088
NSuaT,35.1826,-73.09909
S0uY6,36.91919,-73.09755
6s9OF,34.03314,-73.09514
yBBfP,37.15548,-73.09343
fGSOf,37.31687,-73.09306
HuIUO,37.20762,-73.08972
0yDx5,33.7836,-73.08756
kiIed,35.64657,-73.08474
ujIWZ,36.68613,-73.08277
MaR2H,36.905,-73.08023
SKppk,35.08728,-73.08014
bI5Wz,36.61382,-73.07665
G4fMg,34.96765,-73.07618
UKZRc,34.76512,-73.07606
EExV5,35.41849,-73.07135
3ch13,34.89065,-73.06822
KD4pl,36.09055,-73.06681
YDOw0,36.17252,-73.06561
I2q2V,35.62737,-73.06435
g0FKr,37.35599,-73.06114
V3LCX,35.5228,-73.0574
05JNE,37.29404,-73.0524
eKOCU,35.73751,-73.0518
ktMOW,36.50076,-73.05066
a6hhz,37.3841,-73.0464
Nt8cq,35.45561,-73.04532
X7GfH,36.84738,-73.04438
LtNzi,37.15084,-73.04186
c4S8A,36.06748,-73.03445
EFLLl,36.55692,-73.03311
nEcy2,34.33787,-73.03082
fnf4V,34.75997,-73.03046
psfj8,35.67205,-73.02893
TfMNk,37.43194,-73.02621
hxtvU,34.5498,-73.02489
pDBpq,35.44053,-73.02248
PD1oH,34.52938,-73.01847
gqKbm,36.5699,-73.01744
5Apyx,34.1117,-73.01503
XNFCq,33.86399,-73.0142
RWDkR,36.09167,-73.01164
2ZYH7,34.1324,-73.0114
xQmBJ,36.0343,-73.01126
hVoGa,36.48673,-73.00985
86GwA,33.53758,-73.0088
EmHff,35.61569,-73.00628
XvmIy,37.37926,-73.0048
haHJF,35.80666,-73.00407
9T8Ro,34.33128,-73.00281
5rlBa,34.74047,-73.00162
LCUmo,35.3845,-73.00003
miMjC,34.38552,-72.99967
ujRRB,33.76774,-72.99918
1CGkE,34.98182,-72.99887
o3dWO,36.09698,-72.99625
8477w,37.18655,-72.99491
dCktF,35.337,-72.99315
TWMP2,36.18872,-72.99284
vTBPb,34.62541,-72.98961
Tkhaz,33.74553,-72.98785
oQKK0,35.14221,-72.9873
yAncF,34.05321,-72.98667
uBy9C,37.33415,-72.98559
YhgJ2,35.29039,-72.98481
KuqJU,34.0246,-72.98411
LzXX4,34.14553,-72.98407
KwcRp,36.22178,-72.98326
E2Vkp,35.23636,-72.98228
2a3x4,35.36322,-72.97633
ikKsB,37.22765,-72.97294
vy7Ni,34.81187,-72.97197
ihtbh,34.36285,-72.9715
cr6Cv,34.25934,-72.96598
XP6Ar,35.52999,-72.96427
hAwZl,36.13772,-72.96334
ylR2b,34.89861,-72.9625
hsnB8,35.87401,-72.9618
Am2Rq,33.90043,-72.96107
aEwYm,36.22838,-72.96087
QlpUn,36.06854,-72.96067
MbkIQ,33.7927,-72.96028
mCqwa,35.03499,-72.9593
B0Xun,35.24992,-72.95879
tBDOw,35.64799,-72.95639
QOoDq,35.95249,-72.95371
Cll4c,35.27232,-72.95321
7EyRJ,35.20309,-72.94897
i8lTe,37.09152,-72.94843
v5WGO,36.62917,-72.94268
0zglN,36.43929,-72.94075
LWQ7z,36.3801,-72.94051
9RpdF,34.76123,-72.93995
mO9a9,35.94368,-72.93983
zktIe,35.28349,-72.93948
bA6Lt,34.75656,-72.93806
mbdgB,35.77788,-72.9366
RmQFd,36.59604,-72.93389
0tXO1,34.47151,-72.93158
j0Y8v,35.65519,-72.93152
5N2VS,33.52297,-72.93043
ScLbm,36.29846,-72.92789
1Tw3V,37.32026,-72.92767
KKECr,36.9899,-72.92741
4xwDN,34.54518,-72.92737
5D7GM,37.2373,-72.92665
Y8S1C,37.05051,-72.92449
nrALV,37.0434,-72.92323
JtiqC,37.12034,-72.92031
463W7,33.93167,-72.91869
99OAQ,33.65326,-72.91703
CzO1A,36.32561,-72.91643
MIwhN,34.85258,-72.91514
cqrb1,35.81665,-72.908
arsuX,33.77972,-72.90652
yx2Fp,35.09172,-72.90543
OGVsS,34.71493,-72.90518
BWpF6,33.77007,-72.90312
c9dyZ,36.1535,-72.90235
IJUfG,34.35411,-72.90228
O1lUx,34.24598,-72.89936
AjrYF,37.03429,-72.8979
nBtUu,35.02339,-72.89484
MNqYX,35.28576,-72.89181
e3DAX,35.92067,-72.891
wey7e,34.91575,-72.88899
b7kyJ,36.76504,-72.88773
TEsXm,36.94836,-72.88705
UHKNz,35.95829,-72.8869
y7z6A,35.68009,-72.8864
JBC5e,36.79166,-72.88572
MIntn,35.89641,-72.88548
sUtfl,37.44327,-72.88496
KNK8s,37.47958,-72.88373
WjrEY,37.41866,-72.8759
3tzk5,37.04225,-72.87568
YsXsh,36.30434,-72.87562
zCdEq,33.51428,-72.87519
8eXlM,35.21516,-72.87495
Fygeb,35.5882,-72.87486
wK89f,37.17401,-72.87236
lg2c9,34.34937,-72.87127
50fQx,35.33478,-72.87006
2dYVJ,36.5494,-72.86977
w72rB,34.43569,-72.86929
LrJ86,36.0368,-72.86736
mj6jt,34.59474,-72.86577
UysVg,36.33466,-72.86518
sgyUV,34.17339,-72.86511
wPXxZ,36.58435,-72.8647
chzEd,35.48533,-72.86315
Cljie,33.75148,-72.86303
iqBsx,37.33768,-72.86244
r2xYA,35.57686,-72.86094
v4Tth,34.4342,-72.8609
RGKNv,36.64356,-72.86081
flyzL,36.32208,-72.8597
G56jO,34.13293,-72.85929
lYvy8,34.27372,-72.85679
nLNyB,36.1139,-72.85596
wdBuB,33.9846,-72.85566
KwVfC,34.16958,-72.85549
ft6hl,33.91377,-72.85036
XffgN,33.99976,-72.84976
zT2hf,35.73472,-72.84887
wWjHj,36.58877,-72.84862
pNeqM,36.81508,-72.84857
Y4Glt,33.85461,-72.84856
9tgnY,37.29122,-72.84676
xm7dk,35.51085,-72.84642
fGFwy,36.06833,-72.84617
mWbeU,34.49907,-72.84533
xEVRj,35.48815,-72.84515
4vIWt,35.84976,-72.84262
ixTKu,37.27779,-72.84106
VgbOB,34.11536,-72.83649
s3Pb8,36.54995,-72.83643
2ZUzF,33.69882,-72.83625
TXZo9,35.63911,-72.83621
h7KjP,35.53142,-72.8348
GMvXb,36.3652,-72.83037
wkQ5t,35.71995,-72.82966
3iq9n,37.19794,-72.82729
xvc24,35.39025,-72.82717
Kog9w,37.12388,-72.82708
DPtL7,36.89903,-72.81978
SejdM,35.6435,-72.81847
8FRf9,35.26871,-72.81242
bUH3h,36.10336,-72.80939
grz7v,35.91992,-72.80871
vhNJf,33.57657,-72.80857
ZatoC,33.88059,-72.80853
BzywS,35.29564,-72.80747
lRk1J,36.78996,-72.80513
hNyOV,36.18841,-72.8035
jBWcD,35.40116,-72.79965
EyVcs,34.6038,-72.79946
gJHyh,34.39183,-72.79875
D9i6k,33.67425,-72.79666
r2kTK,33.87126,-72.7961
GMYee,35.27275,-72.79429
jkuk6,34.24751,-72.79289
PsZOo,37.45917,-72.79027
jbG1N,34.27376,-72.78801
wgJam,35.00327,-72.78651
XK00i,36.19193,-72.783
qJXaB,36.78313,-72.7823
B4JS8,37.21955,-72.78198
ADnpW,34.7011,-72.78115
8Gha9,33.90473,-72.77582
iRgM9,34.44456,-72.7714
Kzuc2,33.94018,-72.77112
bbB5M,36.08893,-72.76991
j4kC7,34.83274,-72.76873
9tafX,34.1639,-72.76431
5pIud,33.69544,-72.76333
yZWOM,34.64575,-72.76248
8Yq73,34.24797,-72.76073
qofXK,33.78214,-72.7602
UlGEK,36.56816,-72.76009
7VKzX,34.08064,-72.75992
weBgR,33.99288,-72.75764
qNurM,33.57507,-72.75617
R6m2d,34.04271,-72.75574
3RrGb,33.60614,-72.75566
sRGCe,34.48056,-72.75455
Nh7Rt,36.60164,-72.75397
He6dD,34.18668,-72.75006
DeQxo,34.4184,-72.74912
2Yrh7,36.90039,-72.74803
0aqA1,36.59358,-72.74464
DNshb,34.79141,-72.74363
0DLS0,37.1167,-72.7434
JvHWT,34.97879,-72.74175
1Ev7I,33.90096,-72.74102
SDS2T,33.57404,-72.74051
6L7ad,36.43576,-72.73954
ZJAHn,36.55727,-72.73723
529ys,34.05593,-72.73689
4x0Yx,37.03969,-72.73426
TqA3u,36.06978,-72.73297
7y7Yr,34.62057,-72.73153
nNXKj,34.0224,-72.73145
1wo0H,36.83815,-72.73132
IYX1B,35.91929,-72.72934
UNHWc,34.88495,-72.72813
XVmxb,36.53519,-72.72651
GAFAt,36.76758,-72.72533
yoGFs,35.01151,-72.72439
vneQA,36.44469,-72.72411
AEdOX,34.16788,-72.71969
gYwGF,36.75857,-72.7159
gSMKS,34.17967,-72.71492
xMVNp,35.48971,-72.71478
3qHW4,37.11024,-72.70822
Rft1X,34.41612,-72.706
ixRkc,37.02573,-72.70597
MsP0j,37.32943,-72.70538
5ljIO,36.75759,-72.70365
NA5bc,35.87043,-72.69917
gatPy,35.05514,-72.69859
m9PJE,35.72888,-72.69634
ow9tK,36.3088,-72.69579
dFxUA,36.19885,-72.6942
L51jq,35.67304,-72.69221
dXOPi,36.98566,-72.69217
JLZ1h,36.1142,-72.69207
pWaGu,37.42388,-72.69055
o6OJq,33.831,-72.68907
H1kBO,35.22605,-72.68813
lqjHJ,35.19019,-72.68784
I2KIb,35.59384,-72.68771
2fp0g,37.14231,-72.68759
ZpMks,33.94831,-72.68697
pYmBL,36.85538,-72.6836
8hF61,36.8819,-72.68282
HsYsG,33.67886,-72.68245
4N7rz,36.44026,-72.6814
mdB0y,34.07243,-72.67974
GuwcL,35.56022,-72.67698
TL0E3,36.99796,-72.67099
tuyI5,36.98304,-72.66931
3fjVY,35.2057,-72.66921
pNIYF,34.44661,-72.6684
XhSQM,35.24434,-72.66787
zh3qi,34.55019,-72.66751
BJPGN,37.31761,-72.66728
cCMXq,36.23086,-72.66684
qrGHt,37.00916,-72.66399
mzXT0,36.75051,-72.66281
ngkbo,36.15748,-72.66066
O05T7,33.62199,-72.65871
0IU3G,37.07516,-72.65677
aD91l,34.74898,-72.65656
I0fgB,35.35926,-72.65617
haUJC,36.31915,-72.64927
G5Gic,35.96627,-72.64802
Ul2Hd,34.41165,-72.64711
v8b4G,33.85967,-72.64674
z5hb5,36.35215,-72.64297
Dxuoi,36.60468,-72.64199
CzHHR,36.82457,-72.64191
AGicM,34.25784,-72.63871
Yk2YQ,35.80055,-72.63839
uZ1DM,34.35384,-72.6377
uRBQz,36.70551,-72.63597
yWyPM,35.87032,-72.63123
hI9r6,37.05145,-72.63115
d8z9n,34.33176,-72.62862
GYlrh,35.1671,-72.62815
qZDhg,37.14381,-72.62606
pAYde,33.78111,-72.62381
6RpIh,34.75867,-72.62348
omuNI,35.36865,-72.62059
tNHOH,34.73655,-72.619
Fmkg3,35.23101,-72.6183
Kujsn,35.83568,-72.61279
uJofy,33.86769,-72.61124
8LZr4,35.92409,-72.61076
b9wVJ,35.30262,-72.60977
ww3mF,34.4346,-72.60928
xFNzL,34.61891,-72.60673
Ygyii,33.85279,-72.60552
pfGfI,34.01888,-72.59779
ipcoo,34.35858,-72.59768
pwSTS,34.12674,-72.59762
vv1Hz,35.89951,-72.59587
3Wyur,35.15306,-72.5955
5Sogg,33.88661,-72.59454
fIs6F,34.64664,-72.59389
Sip1K,37.2099,-72.59267
ZgwGt,37.38203,-72.59217
XA0Ii,34.63268,-72.58907
rdO1s,37.34,-72.58829
BSZqc,35.61354,-72.58803
y0COY,35.52887,-72.58752
qxGPC,37.08198,-72.58749
u1JA2,35.2447,-72.58418
o4Fh0,35.56095,-72.58127
EvJvH,36.79758,-72.58088
p1dga,37.11001,-72.57546
wIblU,34.94361,-72.574
NgrxO,35.60642,-72.57166
Vm8e2,36.62811,-72.57147
Vreus,35.12176,-72.57144
CKP92,37.02449,-72.5714
22uew,34.68174,-72.56997
wVBOU,34.95107,-72.56704
TxMF1,34.22489,-72.56698
2EpPV,35.49055,-72.56641
86Bjb,36.39879,-72.56487
K0ye3,36.54811,-72.56401
gNQMB,34.54135,-72.56303
Azcxm,36.43698,-72.56219
0hY5J,36.07214,-72.56131
AV30l,34.94211,-72.55822
Gwigc,35.84784,-72.55708
wvjYp,35.92459,-72.55689
LWPKV,37.09883,-72.55664
CB3Rv,37.04033,-72.55264
BMO05,33.78863,-72.55237
8XdqK,33.94019,-72.54864
0D5Uq,36.73463,-72.54713
jNN62,37.04065,-72.54646
Z3ljU,35.7779,-72.54577
HzGqh,33.96814,-72.54547
HJKtT,36.61051,-72.54355
uJmcD,36.68143,-72.53911
Dvpbv,36.36956,-72.53888
VUEeM,36.0488,-72.53756
bxlgc,34.05062,-72.53712
7hIqo,34.0271,-72.53562
VTwJg,35.63839,-72.53367
YAlf8,36.43899,-72.5318
M40LQ,33.9653,-72.52841
DvVsO,36.01234,-72.52784
FEyLr,35.73722,-72.52496
vt6T4,36.41321,-72.52492
V4tay,34.00253,-72.52407
lNF01,37.03736,-72.52288
vp3S5,37.17398,-72.52253
fDOms,35.89224,-72.52252
eq6c4,36.66418,-72.52181
ViRbI,35.51128,-72.52133
34Gnp,35.49694,-72.5206
7BkWz,37.08173,-72.52043
7XAK0,35.26479,-72.51952
JGA0h,36.29133,-72.51893
2MlAI,34.81736,-72.51572
7.80E+54,33.55005,-72.51304
oRkJ0,34.95024,-72.51245
IGo5h,36.04953,-72.51153
bjqGH,36.16403,-72.51144
4brfh,34.54654,-72.51084
K56Oq,37.04257,-72.50718
hol4z,34.52311,-72.50632
SLpNI,36.86671,-72.50557
TyBOS,36.76896,-72.50475
SR6Ii,36.94717,-72.50451
GWOwN,34.29488,-72.5014
HNFre,34.88362,-72.49801
z2UaG,34.84892,-72.49747
X3Yag,37.20647,-72.49611
ACn5v,33.75606,-72.4953
EICdB,36.06939,-72.49528
Tdlt9,34.88529,-72.49478
IBmlX,34.54216,-72.49467
VI2ui,36.31567,-72.49293
zrE8V,34.1746,-72.49273
eiq5m,35.99187,-72.49273
MuIPG,36.40923,-72.4925
NtV0D,37.09843,-72.49092
CDCpE,35.58975,-72.49083
f8ZW5,37.33377,-72.48935
NikIf,33.88595,-72.48733
kiIwv,34.72144,-72.4847
IgfzS,35.66877,-72.48383
zrrz6,34.73334,-72.47929
ZDl1x,37.04419,-72.47884
dNJK0,35.32849,-72.47877
H2aA6,35.99394,-72.47386
YWZXI,34.96664,-72.47202
tOYIU,34.76329,-72.47086
QcX90,33.83302,-72.46568
fdpVY,36.88335,-72.46487
z8N09,37.22424,-72.46428
AHI94,36.77802,-72.46395
ZlOJ4,36.83399,-72.46376
UinBD,36.56152,-72.4626
Vt1qd,36.05607,-72.46229
kIaXU,36.57626,-72.46049
aIcTG,33.7446,-72.46024
NtbFR,35.29342,-72.46012
SIFiv,33.82442,-72.45988
ulkj0,33.75302,-72.45978
wRdu4,33.79088,-72.45947
nPMkA,33.90307,-72.45888
Ieb6g,33.96248,-72.45882
3KcOm,36.97119,-72.45801
iIVe7,37.49739,-72.45644
JP0da,35.29421,-72.45562
cCuJ1,34.94097,-72.45536
Lhrbg,35.2985,-72.45456
v7bon,34.53848,-72.45154
aSbQO,35.10276,-72.45151
VDsFG,36.80865,-72.45058
TIAvv,36.87519,-72.44794
b2oNH,35.79749,-72.44663
ajlQg,34.72621,-72.44512
025DX,35.7598,-72.44489
KXIMe,34.70826,-72.44331
t65Mp,35.68083,-72.44171
Lykmn,35.44466,-72.44104
x6iim,34.45035,-72.43986
pXv2Z,35.95422,-72.43707
RlNyJ,35.72984,-72.4368
iqSMb,33.79491,-72.43287
w5nsh,36.15375,-72.42848
dWAG0,34.30215,-72.42473
KQzVe,34.89725,-72.42367
EBBO9,34.32537,-72.42332
dOHFi,36.38541,-72.42004
Z2ZIh,35.50261,-72.41984
VeUWF,35.07886,-72.41852
5gdmC,36.45465,-72.41768
SnNyj,36.00132,-72.41348
bMrP3,34.5608,-72.4101
MwYub,35.34055,-72.40987
vHAgM,36.96288,-72.4095
Iq5BV,37.44581,-72.40946
8DhFT,33.52408,-72.4075
Kb3nq,33.99184,-72.40665
K1Zwt,33.58119,-72.40478
ff6y1,34.51305,-72.40396
n96oT,35.97429,-72.40192
CyTMp,34.47324,-72.40159
bvJTf,35.24279,-72.40076
aWd1L,35.01918,-72.39964
hqIsd,35.43223,-72.39766
jLTIs,36.06658,-72.39743
pGByt,36.43009,-72.3959
TsOYr,33.72091,-72.39542
ULPxq,34.01583,-72.39381
pM3Rq,33.52509,-72.39324
s3MuF,35.69891,-72.39146
EOikj,36.53695,-72.39018
9IPPD,34.74983,-72.38955
TgbBJ,34.84212,-72.38869
IJOOz,35.15488,-72.38783
7vJkV,36.08033,-72.38741
Cwg3S,35.86797,-72.38263
rRwP2,37.34352,-72.38222
lJaiC,36.12461,-72.38135
CI4h8,35.09867,-72.38128
bhor2,33.90973,-72.38125
515Cc,34.26455,-72.38102
Hlm0H,33.81109,-72.38036
bHCvn,37.30372,-72.37892
3QYmm,37.49453,-72.37851
BDcuj,34.1565,-72.37849
aMFg4,34.63313,-72.37833
KqKSX,36.04636,-72.37729
XasxY,37.08407,-72.37721
DrQNJ,35.9682,-72.37703
YBjbE,35.50335,-72.37589
gMrKg,35.88365,-72.37568
FqQaP,37.34135,-72.37462
j8qoF,36.50823,-72.37462
Mj931,36.6728,-72.37191
FoZkE,34.16414,-72.37019
sKVZi,35.12826,-72.36968
XZSXA,35.98176,-72.36867
eAHuS,35.68468,-72.36609
VqLyS,34.32725,-72.36579
9wf35,37.02284,-72.36451
7L3lU,34.23804,-72.36257
4Ln51,33.51906,-72.36115
WUYCd,36.19684,-72.36092
S0Dhl,36.59067,-72.36016
drGxg,36.53568,-72.36014
qjzT2,36.47349,-72.35856
Gewka,36.78318,-72.35708
qFknk,37.44027,-72.35659
Oy4uv,35.48788,-72.35621
H1F6m,35.29104,-72.35308
Ei8be,34.92236,-72.35163
QRiCb,37.17596,-72.35132
Lzr0g,36.30251,-72.34924
RT56P,35.35095,-72.34903
cZOwm,34.34321,-72.34785
4vUNc,33.82323,-72.34777
AsEQD,35.34945,-72.3473
yMeWA,35.04787,-72.34607
PUwIT,35.22093,-72.3416
w9utB,35.14503,-72.34062
7K7lF,35.18147,-72.33836
7HaLe,33.64015,-72.33729
WpRgC,34.40989,-72.33645
T9vzp,34.57536,-72.33539
W2wMr,36.27982,-72.33429
xIhbK,35.22577,-72.33416
FpIIz,34.96598,-72.3302
UxkzM,35.72904,-72.32934
5QPmF,36.59155,-72.3288
D36Mn,35.9672,-72.32779
Myg7D,36.79611,-72.32705
mbsx4,35.10989,-72.32293
xSRxf,36.60675,-72.32135
rG1lj,34.98116,-72.31918
dPvyO,33.85563,-72.31916
HD1Gg,33.91329,-72.31882
Rg3mx,34.41299,-72.31616
OG1Oe,35.3795,-72.31216
QcQxc,33.72255,-72.31174
duBbJ,36.15224,-72.31087
Aj5a5,36.53789,-72.30804
J39El,36.36801,-72.30489
CUqf1,33.997,-72.30483
a0s3L,35.73384,-72.30171
XwOMf,33.64144,-72.30162
UkJDM,37.28168,-72.30064
WNBDM,35.5132,-72.30007
nSL31,34.55455,-72.2997
nycC8,35.45539,-72.29894
hA3EX,36.6022,-72.29891
kZb0Z,35.8309,-72.29887
Y8ojs,35.97681,-72.29094
gvTp6,36.60727,-72.28984
Zm3Ur,35.4632,-72.28945
NP73q,35.07626,-72.28839
rD8dF,34.17842,-72.28722
Z3ZwJ,34.77399,-72.28559
ZbWyF,35.56004,-72.28506
1K0R2,34.47442,-72.28461
sOC43,36.89877,-72.28415
47oDi,36.29192,-72.28277
gt9aN,35.58049,-72.27795
uc9a6,36.2372,-72.27737
AAl7v,34.4131,-72.27437
iefFe,35.85417,-72.27407
a3aUg,35.93811,-72.27404
x3Rvv,33.62711,-72.27124
XRNrA,33.70607,-72.26817
1RkZZ,35.85581,-72.26787
pRG3o,34.25922,-72.26647
R2CKA,36.86845,-72.26646
FqX9f,34.07058,-72.26555
gdNsB,36.84496,-72.26035
whkZ0,35.7551,-72.2591
ymO9p,34.38344,-72.2568
QD0rj,36.81773,-72.25581
BpNHQ,33.71501,-72.25198
fLpsM,37.25738,-72.25149
IFAaw,36.30883,-72.25148
9JsXH,34.84536,-72.25003
xQPom,37.48114,-72.24635
l4rnN,35.98219,-72.2458
eb0A2,35.38424,-72.24047
eJKGW,34.61845,-72.23692
iKMBv,36.89058,-72.23614
ZVbAp,33.82591,-72.23573
BKZPk,34.33949,-72.23541
e300g,35.93534,-72.23298
DkOle,35.24596,-72.23266
AEkOF,37.07179,-72.23253
J6mIC,36.04898,-72.2294
E7CSn,33.82973,-72.22809
uinQy,36.92303,-72.22115
8WbDH,36.94124,-72.22058
MphiD,37.47086,-72.21981
s4Cy5,36.17961,-72.21962
rPUZ6,35.36279,-72.21931
A4Wes,34.81118,-72.2175
ycuTP,35.34294,-72.2148
d6IyB,34.28254,-72.21179
XRcLz,35.39824,-72.21161
VsS0E,35.40697,-72.21072
TTVuO,36.18196,-72.20983
Ph8Ss,37.32779,-72.20962
uHWRI,34.98905,-72.20918
Dn7aB,34.80137,-72.20819
MpSFD,36.47946,-72.20786
l7zAG,36.36007,-72.20489
4wfND,34.7865,-72.20482
GSPcD,34.02814,-72.20432
BnUuB,33.77386,-72.20338
gTva9,35.58272,-72.20319
7wMno,36.2942,-72.1992
S3DRw,34.39299,-72.19889
w6mU9,36.74811,-72.19865
tq2xa,34.23525,-72.19803
pMXip,35.41598,-72.19561
lCDpm,34.42649,-72.19555
deyr2,34.72366,-72.19433
nGFuU,33.59634,-72.19312
ZerRj,34.81362,-72.1876
l1szc,33.94303,-72.18743
qyLxn,34.76406,-72.18518
tsN5i,36.59694,-72.18387
9C9d0,35.60382,-72.18242
ztTji,35.611,-72.18239
df1uk,33.78345,-72.18062
BsgMP,36.56001,-72.17944
aYgwh,34.30329,-72.17895
sTfOH,33.68464,-72.17813
F8rAw,36.29995,-72.17467
asjg5,34.39642,-72.17328
ONu0Y,34.63409,-72.17103
LxjGk,36.94977,-72.17026
xmiuD,34.36747,-72.16659
QXiZk,35.78694,-72.16371
tdled,36.49486,-72.16237
Cm3kJ,33.92604,-72.16223
HuqqI,33.94475,-72.15952
cwYSJ,36.70122,-72.15829
EfIWD,34.19526,-72.1558
f3PNV,35.48379,-72.15511
iidCb,34.37914,-72.15178
RlYUY,36.33978,-72.14851
j4IhY,36.0588,-72.14709
2SwHF,35.36677,-72.14643
Zcsnw,36.62309,-72.1434
l3I1S,34.66388,-72.14331
liyzw,35.76567,-72.14236
M2EHT,35.64442,-72.14182
kqZgR,33.7,-72.14082
razci,35.06618,-72.13943
SVPhn,34.0773,-72.13658
9Dy4C,33.83484,-72.13311
BDYS1,36.30417,-72.13179
eliAS,34.04538,-72.13016
YK656,37.07643,-72.12296
FgXGL,37.08054,-72.12172
YQZXx,36.88105,-72.11996
fJYEA,35.86831,-72.11911
3Yo4G,33.67618,-72.11782
ren5m,36.94471,-72.11463
ktGWW,36.79695,-72.11433
1H2gZ,36.25038,-72.11097
WyJ2k,33.54749,-72.10733
TcpWH,33.71203,-72.10204
K5evm,35.57368,-72.10193
uUVVJ,37.2216,-72.1014
FMFIN,34.9111,-72.10004
ZlCVw,35.74774,-72.09942
lN8ok,36.7376,-72.09745
TH0oE,36.81068,-72.09513
zP0ZI,34.67359,-72.09374
jgUT8,34.93499,-72.09211
TWzOt,36.47507,-72.09208
NNbip,34.67876,-72.09134
3IT6R,36.20605,-72.0893
dtp8Y,37.12781,-72.08917
U8pu9,33.93877,-72.08845
B6YhH,36.70754,-72.08824
eLtS1,34.4193,-72.08692
g7FAD,34.22351,-72.08586
Sooms,33.89225,-72.08567
nyncB,37.41221,-72.08553
6nQzF,34.04738,-72.08505
tDzOb,36.21825,-72.08336
OnKwb,35.77555,-72.08302
X4VK5,34.68271,-72.08261
Auy8a,34.73643,-72.0822
p9nl8,37.13068,-72.0819
CmbJZ,36.27058,-72.07844
vy6ds,35.43341,-72.07713
25Oue,37.23094,-72.07675
OyPaQ,35.47597,-72.07493
0kHFB,37.14882,-72.07299
z6Rt2,35.96254,-72.06718
6aFM9,35.06852,-72.06683
F1LaF,36.43617,-72.0625
R15L3,35.23582,-72.06164
CxmjS,37.1985,-72.05955
j25hR,37.05658,-72.05856
s3pi6,34.9725,-72.05644
gVvkn,35.53367,-72.05476
lNRbv,36.04149,-72.05404
hXyM4,35.1714,-72.05403
S3ZXf,34.64633,-72.051
nbD3w,36.94791,-72.04954
V9YE3,35.024,-72.04413
6sdOa,35.07743,-72.04303
QnaKB,35.85698,-72.04259
QqDDt,36.68079,-72.03736
1mkDD,34.19861,-72.03693
DfYGD,34.96119,-72.0365
ivnMd,34.71739,-72.0348
ignbh,37.29043,-72.03217
6CcFf,35.6721,-72.03172
XAgsE,35.18354,-72.03083
tIU98,35.47047,-72.03063
7qeSl,33.64113,-72.02905
QX5Tz,37.23022,-72.02721
4cAIL,36.42245,-72.02447
gPe7k,35.00103,-72.02249
J02a5,35.14622,-72.02231
uXBAJ,37.11496,-72.01943
RBkBS,33.61276,-72.01813
G0Llr,33.63066,-72.01683
MS4BI,36.18353,-72.01427
8Idzi,34.2104,-72.01343
Hjog8,34.64519,-72.01214
27qO8,35.21684,-72.01105
9MvFV,35.94785,-72.01044
x1diQ,34.73142,-72.00899
S4FHq,34.92089,-72.00829
c5kzY,36.07207,-72.00685
9z5pq,36.68058,-72.00577
AF60F,36.4234,-72.00545
nI3aY,33.90552,-72.00366
pVR8N,34.41478,-72.00352
rUZak,35.79518,-72.00344
XfohJ,37.15437,-72.00244
A9dBH,34.89008,-72.00212
eNhki,37.46231,-72.0021
XyFSH,36.67678,-72.00051
pP9UO,34.86818,-71.99917
t3Mvs,35.62289,-71.99892
dOKK7,34.01384,-71.99602
B8U0M,34.42785,-71.99563
NVjLR,33.92068,-71.99537
wDOi4,35.65336,-71.99465
dI8iy,35.53484,-71.99434
vxfFU,35.95886,-71.99207
GkzP7,34.47675,-71.99095
6pN3E,34.32997,-71.99018
8UD6S,35.08704,-71.98728
pIkhd,34.09527,-71.98579
WbjPA,35.51035,-71.9847
diuu1,34.20286,-71.9845
6CYCi,35.50384,-71.98257
Vj4SL,36.83436,-71.98234
93i8s,35.69366,-71.98218
nKdwH,36.39634,-71.98116
5lXIV,35.04525,-71.98054
hi7WE,35.32157,-71.97938
T57a9,35.01698,-71.97619
8AKI7,35.70797,-71.97439
jMYgE,34.99408,-71.97372
NC9QE,36.29444,-71.97119
Mr5FL,34.2196,-71.96771
7WPgn,35.52476,-71.96622
GTnjp,33.65576,-71.96596
8T45A,35.48179,-71.9646
8JdFE,36.16029,-71.96175
38Tr3,33.85291,-71.9609
W1Ktr,34.97623,-71.96016
DmlDd,34.91367,-71.95898
I1zW7,37.15666,-71.95713
Zn3MG,35.68527,-71.95625
KmbM6,34.76318,-71.95514
8p66p,36.11982,-71.95438
3oyFi,34.02208,-71.95348
HvEu3,34.85619,-71.95323
5uCJ2,34.49967,-71.95221
a3Dti,36.98372,-71.94886
dTF5U,36.30374,-71.94828
XbcnP,35.44456,-71.948
bechi,33.65794,-71.94529
4Vlvo,37.26374,-71.94474
FHAUI,36.27673,-71.94272
qnp3X,34.3861,-71.94217
U4Ufo,37.43079,-71.93877
A7tH0,37.22945,-71.9384
NjKMG,36.53822,-71.9342
nweDA,34.86667,-71.93307
DGkRg,33.85368,-71.93233
vpPG8,37.34026,-71.93178
NDXTj,35.85989,-71.93163
WmT7F,35.46477,-71.92297
lkZMB,36.61389,-71.92234
JuQUs,35.2912,-71.92219
lvyFI,35.46652,-71.92217
i4fDc,35.61051,-71.9147
n2vdT,34.41989,-71.91398
WRiIq,34.47742,-71.91252
UQC1P,35.99435,-71.91218
DcW6B,33.99304,-71.91096
w310I,35.98416,-71.91083
eYJkV,35.17378,-71.91066
qbvWM,33.70648,-71.91028
6WsYx,36.12319,-71.90596
qCsFL,35.92563,-71.89928
LiGCS,34.49993,-71.89596
cnGFp,37.27353,-71.89528
TDFXZ,37.37723,-71.89186
17zS0,34.74725,-71.8862
AqUbZ,36.97895,-71.88466
sd3H2,36.61102,-71.88276
rdXIn,35.6923,-71.88268
knOTH,35.30283,-71.88213
nY8q4,34.45302,-71.88146
lcYbs,35.00767,-71.88072
wBwpP,33.5216,-71.87688
zHADX,35.37944,-71.87435
kAT2r,33.67947,-71.87128
1WuIq,34.37422,-71.86883
uhi3U,35.00838,-71.86695
hI8Su,35.69291,-71.86592
D1Taf,34.20037,-71.86196
BfFQD,35.02658,-71.86047
8I9pS,34.17792,-71.85988
eHSog,36.18737,-71.85948
M5lEB,35.04779,-71.85908
M4TAC,36.4625,-71.85793
vd3aa,34.6742,-71.85359
Xd0Y7,35.18507,-71.85203
EYShE,37.21795,-71.85186
Lml39,35.04977,-71.85161
Y8YQ7,36.57209,-71.84788
T4T1m,37.28688,-71.84609
pTrzR,35.4834,-71.84542
H7Yzq,36.40513,-71.84407
i3CPG,34.10838,-71.84286
g2Y1W,37.14027,-71.8411
mm1hD,37.19549,-71.83893
ZDlkG,37.4597,-71.83765
Ze6At,36.20048,-71.83616
nsKu2,34.65877,-71.83407
YG7Yp,34.74421,-71.82614
IEV7n,37.39599,-71.82542
27Myo,34.19141,-71.82439
FxLAL,37.13934,-71.81757
xlUvV,37.47846,-71.81731
yNWig,36.10625,-71.8139
KtZw9,35.34326,-71.81174
7z4GL,36.53158,-71.81135
iMXAW,36.51465,-71.81112
mLboe,34.19217,-71.8111
ii7ta,35.38006,-71.81093
D2yQ0,36.29046,-71.80985
NB1TT,37.00861,-71.80291
XZVoa,36.60088,-71.79931
Aajp5,37.30812,-71.79626
Z0m0P,33.50652,-71.79625
PpEcZ,36.74883,-71.79454
JhUCb,37.15844,-71.791
wKQKl,36.82767,-71.78925
dJ3v9,34.96543,-71.78511
8h60X,37.2674,-71.78436
Tw0vb,35.47412,-71.78242
HRyG0,36.45733,-71.78204
XYNMq,33.97616,-71.78162
Rbghu,33.58009,-71.7794
IR7Li,34.49625,-71.77873
cUcEN,35.92638,-71.77588
mY2ZX,35.92859,-71.77519
rgnNm,37.38539,-71.77513
pjzQo,33.68229,-71.77013
VgecR,36.24272,-71.76612
NUhNh,35.45297,-71.76578
6vAYV,35.35893,-71.76264
xEfIw,34.00556,-71.76232
BuXi1,36.84973,-71.76032
7MJgK,33.58495,-71.76002
F2bTZ,35.62539,-71.75682
4OVXh,36.70215,-71.75571
rbeI7,37.05159,-71.75458
sjror,34.13429,-71.75412
xnSqC,37.03532,-71.74956
IsBoh,34.39477,-71.74949
LU2Mg,36.01476,-71.74661
t4aSz,34.94926,-71.74643
Zl1z7,36.02971,-71.74638
Ksdt6,35.98893,-71.74595
NQrjt,37.33033,-71.74389
D6TZo,33.82301,-71.74251
VgYcA,33.95939,-71.73736
PZ93g,36.29277,-71.73613
tMINb,34.2972,-71.73567
EIaiD,34.34166,-71.73426
4ozl9,36.65323,-71.73099
WCZDu,34.06794,-71.73097
HB0qm,33.97366,-71.72968
IFJz6,37.48038,-71.72752
BVwHV,36.53447,-71.72679
qhWT8,34.79448,-71.72183
KmUux,36.47456,-71.71791
mNVeE,34.81693,-71.71698
8njmH,34.50738,-71.71628
IdEa2,36.07459,-71.7157
xVjsQ,34.9908,-71.71363
9n7lc,36.23914,-71.71067
QTScd,35.08274,-71.70994
68Fpx,37.18456,-71.70885
7SxVO,33.65112,-71.70377
aQHt7,37.13361,-71.7023
MZtGK,36.63243,-71.70198
ZCwc9,34.31731,-71.70158
lL4Ig,36.99323,-71.70102
qxkHg,35.49741,-71.69949
Si7ZT,35.45364,-71.69944
1Fm4J,37.12253,-71.69357
nQ7xN,34.47701,-71.68962
1nTNX,33.89648,-71.68922
mw5p1,33.72198,-71.68891
MnnKA,34.89828,-71.68824
FZLlv,34.88213,-71.68332
R7XVj,35.33733,-71.68331
wRuXl,37.33675,-71.68236
GsdFh,34.21627,-71.68112
Px95p,37.20649,-71.6805
JYdGt,33.69829,-71.67841
Bdbku,36.90434,-71.67785
xzeli,34.07075,-71.67754
fpG58,36.34972,-71.67576
7OAjy,36.04985,-71.67129
UPZyA,34.00816,-71.67103
u2GW0,37.48789,-71.66955
izpyG,36.22615,-71.66919
aka8l,33.55137,-71.66831
vYLiA,34.3152,-71.66199
ppAOQ,36.22212,-71.66071
9X9ho,34.89799,-71.66021
UTiv4,33.65087,-71.65983
JDBoF,36.33971,-71.65828
hmooF,36.77215,-71.65805
9yJfF,35.53106,-71.6553
mk3Gh,35.29337,-71.65431
djw25,36.94688,-71.65366
pVBKU,36.26253,-71.65315
JG2Ce,33.68174,-71.65254
PGDBH,33.60093,-71.64992
rjZ8d,37.04009,-71.64937
x2RIN,35.98439,-71.64496
pg6bF,37.30835,-71.64376
TzkhP,37.13251,-71.64297
ViAWr,36.61166,-71.64239
9rHVs,35.91543,-71.64176
3ZQIA,36.87029,-71.64152
q3AxV,34.42992,-71.64128
rTGzt,33.68943,-71.63623
eoe6b,35.08573,-71.62746
97xln,36.44918,-71.62709
9GV3I,36.83501,-71.62583
veIqS,33.85807,-71.62547
xVjgd,35.53509,-71.62488
hCLvT,36.5649,-71.62198
KGmDs,36.31689,-71.62099
Tjdge,35.45252,-71.62071
qyw0E,36.28597,-71.62023
TGs2a,37.18164,-71.62021
dZ6Ag,34.76522,-71.62004
p6hCu,34.80096,-71.61997
FrcpI,34.8799,-71.61401
R0gp2,33.58489,-71.61361
UaUG6,37.14971,-71.61183
ieKBo,35.916,-71.6105
LiSBN,33.89921,-71.60952
iUA2B,37.45105,-71.60931
t9gID,37.18464,-71.60863
cLyoT,36.37223,-71.60576
AwxoR,37.14032,-71.60514
ZmAy2,36.1968,-71.60423
49nkD,36.28075,-71.6019
KfKuz,35.53066,-71.60022
LcM2c,36.71247,-71.59777
kACnV,34.4351,-71.5972
lLMtn,33.99103,-71.59639
k5I7L,33.91878,-71.5947
Zllsg,33.99415,-71.5936
68PEy,34.23425,-71.59072
G7Vle,35.33811,-71.58806
HTkHy,33.97635,-71.58649
CRP7q,35.15136,-71.58633
FePXY,34.04946,-71.58566
5Myb5,33.8524,-71.58549
9pSRY,34.87891,-71.58209
VlxNa,34.59137,-71.58041
dKqBG,37.10048,-71.57982
Krnfu,36.85672,-71.57971
hLCFh,34.20041,-71.57849
cpKt2,37.06701,-71.57769
xN1VA,34.28104,-71.57546
qpHp7,33.90077,-71.57391
MIsGO,37.06927,-71.57275
V4HPH,36.03082,-71.57151
vqtP6,37.214,-71.56736
MHxQA,37.40378,-71.56647
Wy6dq,35.43612,-71.56561
dkwLd,33.50567,-71.56476
8gHOy,37.00983,-71.56236
ZwJMW,33.89527,-71.56186
0AAXJ,33.59579,-71.5606
hL8wW,34.43032,-71.55975
ZKS5G,34.25423,-71.55954
81Fxg,34.9959,-71.55911
1MdO6,34.24904,-71.559
YCnzm,35.32823,-71.55829
M4gzl,33.75091,-71.55648
gMAkr,36.08756,-71.54885
7xZdo,36.65362,-71.5488
QbEE5,36.61117,-71.54859
e6GuS,33.73512,-71.54483
LwccN,35.02005,-71.54384
OncZ3,35.68244,-71.54185
STz7h,34.37412,-71.53932
4blRa,34.99342,-71.53868
5ezD8,34.32601,-71.53714
8yRm5,34.90346,-71.53435
y5o9T,36.40446,-71.53434
zQuiG,37.25261,-71.52984
XQCKq,36.64681,-71.52552
RTo6Q,35.16552,-71.52481
V9e0K,37.41788,-71.52135
KGwIE,33.95462,-71.52051
P5tF1,33.75838,-71.51897
KNhjp,35.67971,-71.51826
rgd69,36.12473,-71.51823
TEDlH,36.20107,-71.51741
kyJWd,34.87817,-71.51719
O6rK1,36.7651,-71.51601
3hze5,33.69253,-71.51457
FQDli,37.06084,-71.51283
M0dKC,34.29277,-71.51259
PdnKr,36.0166,-71.51236
Wuxds,37.10166,-71.51192
3haTk,36.77011,-71.50552
SD2JM,36.72699,-71.50455
E9lov,36.49741,-71.5044
E1cfw,37.03799,-71.50135
eXaAL,36.25604,-71.49977
WGryr,34.74964,-71.49868
2K6EP,36.79907,-71.49728
vV2gf,35.0052,-71.49521
3891c,35.03119,-71.49457
9mLZA,36.49123,-71.49436
AcxQP,35.15913,-71.49402
F5qLa,37.04577,-71.4906
rDmH7,36.88467,-71.48903
H26VO,33.84964,-71.48813
q9qbj,37.37696,-71.48631
xSzSg,34.17528,-71.48198
m5J6L,34.92236,-71.48053
q2Dx4,37.46567,-71.47658
6Izml,33.55474,-71.47519
wBVbl,36.13966,-71.47356
Cnbgs,34.48008,-71.473
Fg9c6,37.30641,-71.47074
PXAWc,34.42237,-71.4704
kjhF7,37.42586,-71.47019
KJARw,36.13345,-71.47
zuHBZ,35.77519,-71.46526
CUTNw,35.64787,-71.46382
QDTrb,33.54013,-71.46341
ma5q8,36.809,-71.46309
nA8lv,34.64775,-71.46096
d19oQ,35.14339,-71.46089
enfUN,34.38016,-71.46021
ayfwk,35.11463,-71.45514
e2p9y,37.21159,-71.45464
nIvnm,36.93778,-71.45346
NnuFJ,36.5016,-71.45208
LcjDf,33.74599,-71.45045
wdfMp,34.13589,-71.44819
CweBg,33.97308,-71.44555
FU502,34.31022,-71.44535
dIQaJ,35.82459,-71.44474
INYwH,35.37573,-71.44417
zhHRm,33.93973,-71.44406
O0Jhw,34.84568,-71.44267
5zRED,37.0069,-71.44205
YzyjW,36.64551,-71.44187
qAUgy,34.27351,-71.44151
ITqY2,35.37142,-71.43694
QpAWb,33.58371,-71.43684
fpnxy,34.56309,-71.43678
bmuof,34.67197,-71.43443
jDbTw,35.37781,-71.43437
z50mK,34.28445,-71.43333
JJxS4,37.11524,-71.43314
578Vz,34.65905,-71.43278
vinxW,35.40004,-71.43241
SQMF5,35.13248,-71.43223
nYawJ,37.15471,-71.43031
WuUpn,35.79638,-71.42978
okF4z,36.86506,-71.4281
vijRg,35.13156,-71.42417
t1Zlw,34.40268,-71.42307
bHs2J,34.17997,-71.42277
zLqHf,36.88454,-71.42223
bm7ZL,36.10063,-71.41855
Zd18k,35.95646,-71.41649
p4vbJ,35.47189,-71.41324
vEthS,35.21297,-71.41289
jM5U0,36.66751,-71.41045
1q5SB,35.74961,-71.40991
IU8J1,34.01989,-71.40533
sC213,37.01139,-71.40263
dx1Vf,33.99952,-71.40196
TPL4U,35.28637,-71.39721
qt4dY,36.47929,-71.39645
CFzTN,36.10631,-71.393
qSu76,37.40738,-71.39219
DlbDQ,33.94582,-71.39215
776WB,35.41654,-71.38989
iFE2G,33.89718,-71.38988
GhyUH,35.70227,-71.38795
UDp7A,35.66838,-71.38707
kDrmM,36.4461,-71.38704
SDmZx,36.02584,-71.38399
bFksH,34.2847,-71.38363
57oJo,36.20522,-71.38351
zI0T2,35.86269,-71.3833
v191o,34.53881,-71.381
n9v9Z,35.53726,-71.37966
PFpfq,33.97272,-71.37907
wzBYn,36.67384,-71.37833
s02pr,34.75575,-71.37773
tnjce,34.68839,-71.37768
92aT3,33.86306,-71.37714
Nwu41,35.59434,-71.37688
4miPE,35.59839,-71.37537
Vgi6s,37.31332,-71.37471
bdm04,35.98613,-71.37261
aEdIN,33.65572,-71.3699
JQRXD,33.71096,-71.36749
z4I4U,37.196,-71.36749
XnwgN,37.13832,-71.3666
c1ZWB,35.09717,-71.36645
DpWHF,35.08129,-71.36567
AgI8g,36.34843,-71.364
sQaXZ,36.34776,-71.364
kmnhN,35.16937,-71.36135
j31h9,35.19041,-71.36021
Qb0tG,34.12753,-71.35848
gdlOz,37.18007,-71.35804
lGs2b,37.38555,-71.35606
ayc3S,34.04298,-71.35579
uRVuu,34.7748,-71.35543
fRgf3,35.55314,-71.3541
SXli2,34.37492,-71.35348
0SGqr,36.55939,-71.3528
rvvnp,34.59713,-71.35119
OAaHt,33.85186,-71.3506
ADZOS,34.13745,-71.34979
FomHP,34.92231,-71.34778
c0ST1,34.26077,-71.34662
QQbwf,35.30255,-71.34076
bsmsp,36.8079,-71.33833
QpkYd,36.49241,-71.3361
uqG0d,34.70902,-71.33257
jaXKe,37.27903,-71.33157
culfV,34.77923,-71.32958
r9O4S,37.05362,-71.32802
maNTU,36.77649,-71.32459
YYL1M,36.48589,-71.32341
3qvRL,36.7517,-71.32258
w8JVt,36.37263,-71.32106
6laXO,36.97419,-71.32099
nhZEy,36.82317,-71.3206
QZCUQ,35.05444,-71.31845
sW9fz,35.16261,-71.31622
C8ZxA,34.38564,-71.3162
eYSiA,35.09764,-71.31565
on52w,36.66914,-71.31504
ziILR,33.64177,-71.31203
K28Ql,36.6681,-71.30896
664UR,34.2881,-71.30869
UKbBq,34.14751,-71.30833
CVXUr,33.55453,-71.30589
Wd2zx,34.70072,-71.30545
kE5AI,36.54157,-71.30487
4HJjo,34.60141,-71.30308
zDLyM,35.70541,-71.30295
SYyGl,35.77703,-71.29824
DdYjw,36.18975,-71.29666
QKhiX,37.32005,-71.29401
iAwCw,34.87371,-71.29364
UMBJQ,35.51865,-71.29299
LAZzm,34.29974,-71.29205
1n6vz,35.45802,-71.29158
8nXKJ,35.51227,-71.29136
lHUJL,37.01773,-71.28879
g1M61,35.79198,-71.28799
k5kQf,36.0333,-71.28769
6RL2j,33.74068,-71.28668
Ts484,35.42474,-71.28664
5bliA,34.57938,-71.28638
oRbml,33.85757,-71.2846
j6CNK,37.36433,-71.28355
QOtgL,35.71381,-71.28268
xBHjn,33.95687,-71.28097
muQ1m,35.69418,-71.27978
zxYH1,36.91065,-71.27942
IX5Ej,34.28835,-71.27784
mdHtW,34.86663,-71.27772
JqvHW,33.82415,-71.2735
J5hQs,36.02179,-71.27297
ABcvX,33.66227,-71.27035
KImc0,35.3055,-71.27035
5Zmy4,35.79916,-71.26825
2MJ70,37.26208,-71.26768
qSzEd,34.3761,-71.26696
paNqB,36.23977,-71.26577
Kdlqq,35.87274,-71.26526
64Qdl,35.66137,-71.26338
pAof3,35.85933,-71.26284
VNBj6,34.78252,-71.26163
hv9TW,34.68955,-71.26088
hniok,36.48624,-71.25836
1iygD,35.89073,-71.25424
BF0RV,35.39439,-71.2519
ipPWt,34.90546,-71.24958
xws9b,36.71902,-71.24866
uM1dc,35.67274,-71.24714
Embw0,36.63521,-71.24661
MTTxz,34.87128,-71.24628
wCU3F,34.09137,-71.2436
6loUA,36.1376,-71.24344
oEQW3,33.66943,-71.24194
TZ58Y,35.14989,-71.24083
MzIXP,37.19552,-71.23859
fVCqu,33.59723,-71.23829
EwUW9,36.82243,-71.23512
gwTMp,33.78263,-71.23489
k63zD,34.34896,-71.23461
ZrVk7,33.9682,-71.23443
3q8qE,35.60436,-71.23408
4r4f0,37.49318,-71.23391
qRhh5,34.68029,-71.23287
ujDPg,33.95109,-71.231
sCTVg,33.9878,-71.22853
TJxS2,35.80914,-71.22826
EzzTD,36.6083,-71.2244
YmR2k,34.4901,-71.22428
oQfbh,35.75681,-71.22268
63Xf4,34.47222,-71.22075
py8R9,34.42641,-71.2207
4ezUB,35.80143,-71.21913
DaXTZ,35.40007,-71.21885
hr0EC,34.20002,-71.21788
nrddt,34.45306,-71.21563
drWkJ,35.04304,-71.21484
eVnxu,36.79447,-71.20953
wn4QQ,34.61548,-71.20952
LCsCK,34.38158,-71.20857
aF6pJ,37.39249,-71.20533
kWPhr,36.06309,-71.20205
JERhp,34.68177,-71.20204
93Vlw,36.68446,-71.19994
q1ZZN,33.57238,-71.1963
xmlD4,36.73099,-71.19624
J1vnX,37.08837,-71.19539
f6tHI,35.31598,-71.19515
oRGTd,36.94747,-71.19039
AflM4,34.85767,-71.18696
5YfGy,34.83734,-71.18507
wqRkJ,36.44369,-71.18504
2Xsnu,33.87548,-71.18494
483yl,36.39389,-71.18462
pncIQ,34.41143,-71.18301
6gwOP,34.90353,-71.18091
w3V19,37.18948,-71.17634
TQpU4,35.70367,-71.17576
MzZwI,35.99227,-71.17523
uhtAN,36.13122,-71.1744
O6xaP,36.59387,-71.17321
lJCzP,34.19084,-71.17284
FVmwG,35.3771,-71.17221
mhLLw,34.25518,-71.17128
rjmQY,34.8334,-71.16676
ZDjCW,37.38435,-71.16651
8l42F,36.79768,-71.16599
GQsnv,36.20516,-71.16576
gqgVn,35.38792,-71.16476
m75hi,33.84288,-71.16443
O8tYI,36.41039,-71.16163
YlYjl,35.92084,-71.16078
e2xFU,33.63813,-71.15284
0zt25,34.51577,-71.15149
Lq1Sl,34.19887,-71.14887
jk5yY,36.28096,-71.14641
5Dxu9,33.61306,-71.14592
vPpnB,34.06191,-71.14236
Xwm4y,34.26394,-71.14104
T5LIg,35.75603,-71.13858
LKJLk,34.56504,-71.13817
xerH8,34.68826,-71.1371
9VtfB,35.10584,-71.13617
UCwBE,35.58917,-71.13281
eiBiN,36.6656,-71.13135
EGjE7,36.61703,-71.13075
r523t,35.72397,-71.12895
puJ0S,37.41422,-71.12615
4S3yc,35.22665,-71.12586
Q4Idw,34.60209,-71.12562
agCdx,36.89747,-71.12346
oQBjz,35.63985,-71.12077
ylGMw,35.1657,-71.12021
F3RIZ,36.04473,-71.11712
3n4mz,37.09379,-71.11599
5WdAP,36.49512,-71.11448
gsayH,36.4179,-71.11409
9Ddwt,33.74363,-71.11376
MiXis,37.48759,-71.11372
F5ZBQ,33.59965,-71.11279
ACW4Z,37.29727,-71.10927
GigYW,36.53022,-71.10729
aseV7,34.66826,-71.10579
o5hu9,34.04674,-71.10398
s32KJ,33.72699,-71.10221
sfJyz,36.36132,-71.09949
KJSE6,36.26199,-71.09822
AadyT,33.58236,-71.0928
NiZpr,37.16018,-71.09253
gV5IU,35.89114,-71.0905
r3eCh,33.70216,-71.08778
dghww,34.77438,-71.08389
A4wKz,33.82354,-71.08325
JDrgH,35.11734,-71.08156
Scg2m,35.28014,-71.07681
bZxUC,33.6929,-71.07647
ag1Iz,35.58215,-71.07497
7Vob2,35.04581,-71.07336
0rzPz,34.33628,-71.07313
fzskK,35.06813,-71.07192
2WTnp,36.9828,-71.07136
3enWG,34.61296,-71.07112
BLu9J,36.99764,-71.06915
KLn2l,33.97802,-71.06478
PJsVX,37.0761,-71.0647
6saPf,35.59211,-71.06456
RxN80,36.91183,-71.06422
1oW48,33.55593,-71.06297
d4gqH,36.65619,-71.06145
65nGB,33.71864,-71.05984
G2El3,37.23087,-71.05851
n1V4X,37.35185,-71.05623
9slNh,35.37616,-71.05606
HU9O2,37.16969,-71.05606
hAdjE,36.80577,-71.05487
NfMWZ,37.16873,-71.05264
WI0Fs,33.77664,-71.05229
XEmz6,36.86345,-71.05111
RVaep,36.81228,-71.04831
OxfNZ,34.16386,-71.04639
1Zhov,37.34735,-71.04438
CVuLX,37.23923,-71.04291
su8vd,34.39948,-71.04201
CER9n,37.28695,-71.04035
ByPqe,35.07244,-71.03887
HvBh2,34.62134,-71.03623
Mm9iz,35.02876,-71.03474
1ptaS,34.93246,-71.03462
WQOf4,35.90007,-71.03331
8uNf1,34.65747,-71.0325
2MvUR,35.26683,-71.03191
lmPYC,34.3977,-71.0308
XnRbA,36.79716,-71.03024
MncRg,33.94697,-71.02808
jNDrU,34.24241,-71.02642
mSA4R,36.96507,-71.02587
Drzt1,37.2526,-71.02287
EhBb4,36.94964,-71.0228
UefbK,34.07083,-71.02041
v8HDC,35.90903,-71.01989
vnHdY,35.28645,-71.01843
YfEXC,35.72463,-71.01836
yV5Ht,35.14644,-71.01408
ltoiX,37.06961,-71.01229
m1JjZ,36.49897,-71.01176
PsXmK,35.00208,-71.00667
oGaWP,34.65176,-71.00332
4GqrH,34.38163,-71.00191
oHCCC,35.49792,-71.00161
JJn0W,36.60486,-71.00105
S1K6I,35.44314,-70.99899
rIr0z,34.09774,-70.99855
i0duW,35.97944,-70.99825
FgRP7,34.80248,-70.99667
eNVWx,34.35722,-70.99663
4CruB,36.25178,-70.99008
cMIA7,37.30474,-70.99006
VbFch,33.61841,-70.98849
vhfJW,34.4799,-70.98767
2CyHx,36.09114,-70.98719
h6lxf,33.83006,-70.98524
VX5xz,33.78188,-70.98509
NA8Nw,33.66944,-70.98371
ABeNP,33.70071,-70.98262
yis6H,36.121,-70.97695
cLqOv,34.64077,-70.9764
078Ld,35.24076,-70.97475
asIL6,33.53201,-70.97277
XKBKW,35.91036,-70.965
7Qx6W,35.99228,-70.9644
7dhTL,36.12096,-70.96395
EX9UQ,35.13935,-70.95929
2fQtY,35.87747,-70.95889
vNeUC,37.36338,-70.95635
cr0Dz,35.95001,-70.95509
hSmWs,35.13386,-70.95337
AV4yP,34.36224,-70.95163
NTLMT,33.65597,-70.94981
kci1C,36.50656,-70.94914
rUwIv,36.24394,-70.94788
nE97X,35.45815,-70.94568
kjCxd,35.23773,-70.94384
qNBGk,36.32971,-70.94377
Ifofa,34.39822,-70.94007
oB0wY,33.52847,-70.93976
OcnHU,36.21131,-70.9363
9IrD0,37.08043,-70.93601
ST1Ai,34.86507,-70.93566
NcfU1,34.43681,-70.93453
c5J8Q,34.31729,-70.93349
I6yVj,34.66544,-70.93188
249Sj,37.07617,-70.93117
R3IZ9,36.59425,-70.92759
51KjN,34.95279,-70.92732
Sf24t,36.86266,-70.92531
9Exwr,35.69359,-70.92505
oAuHr,35.08555,-70.92478
ynRlV,36.3956,-70.92396
l33TH,34.12534,-70.92181
gWbon,36.09348,-70.92086
SLBKs,34.77757,-70.92079
yK3p5,37.42867,-70.92038
vzmlK,35.97016,-70.91947
oSRX0,34.09125,-70.91861
76F53,34.26888,-70.91762
BeYLM,36.64262,-70.91749
HPdQL,35.42235,-70.91587
Xq1vQ,35.26055,-70.91569
3Eq3W,36.56357,-70.91461
v4cZt,36.8719,-70.91306
ObaIF,35.74806,-70.91278
HVs1a,35.53374,-70.9123
obXLu,35.15616,-70.91058
UFh7Z,35.85387,-70.90764
ztu49,34.71377,-70.90475
QGrax,36.80598,-70.9014
13nwF,34.00414,-70.90069
4I4BK,35.47166,-70.89664
N2SmS,35.99124,-70.896
cNb0S,37.2079,-70.89414
mbQd4,37.31728,-70.89129
xIpGG,36.44733,-70.88995
JWuRA,34.75117,-70.88889
LLFQP,35.20561,-70.88776
YSt0Y,37.17738,-70.87095
UnCDZ,34.29558,-70.87056
p210e,33.59582,-70.87016
1AWk1,33.52222,-70.86922
0YbB0,36.78302,-70.86863
CtyXl,34.57546,-70.86704
FNOXf,36.28333,-70.86696
GzY5x,35.36659,-70.86626
2okf8,36.39749,-70.86519
xLPIU,36.91473,-70.86378
JFrv3,35.17109,-70.86188
Cy2IS,36.45503,-70.85758
oQJxz,33.50303,-70.85508
34qYP,34.70909,-70.85445
Gyo2K,37.3749,-70.85222
kHrAd,33.73741,-70.85189
cXpdQ,37.46404,-70.8496
R6YoV,33.96173,-70.84954
R8SpY,35.68149,-70.84818
O4hm1,35.55912,-70.84727
ZqdiO,37.17218,-70.84503
lDB3m,37.01818,-70.84143
L0WUf,34.23512,-70.84044
d7rA1,34.44862,-70.83981
gLXs9,34.01169,-70.83814
iuz6E,36.4737,-70.83712
xmazd,37.11338,-70.8354
768oP,35.14988,-70.8307
pxlH7,34.52171,-70.82839
ma2VD,34.0117,-70.82792
xn0kX,35.14227,-70.82607
F3h15,35.79973,-70.82559
n5C8G,34.18776,-70.82481
2o6j7,33.54808,-70.82199
oyukx,33.80105,-70.82165
p0QuV,34.31824,-70.82048
dB2m4,36.82998,-70.82041
CEiXs,34.53703,-70.816
9Zy0L,36.93071,-70.81449
jTV5D,33.65897,-70.81077
OoUWd,37.11946,-70.81076
WJcST,33.69536,-70.80847
icCAH,37.41797,-70.80727
USDEj,33.59399,-70.80699
6GmsA,35.74199,-70.80595
p6v9A,36.67792,-70.80582
z3jSQ,34.61492,-70.80432
WzRfR,36.15566,-70.80252
subiM,37.14438,-70.80129
dNnEx,34.66068,-70.80029
hYz1P,35.3014,-70.79861
ephai,35.99427,-70.79757
91b0O,35.27188,-70.79049
CzZaO,34.70112,-70.78816
YGqBc,35.46563,-70.78577
gysU4,34.82402,-70.78456
XZQ8o,37.44565,-70.78318
bwt6j,34.76344,-70.78258
fRLtK,37.04082,-70.78057
qB8jU,34.42153,-70.77947
T43dB,36.42598,-70.77943
Wb80R,35.08859,-70.77909
0TrEp,34.57436,-70.77688
E4uOT,37.46694,-70.77539
1fWOx,35.73642,-70.77361
otk7F,36.12227,-70.76863
UgnyC,33.62985,-70.76598
nZ5vs,36.44765,-70.76575
6N6TS,36.81059,-70.76439
XaTFm,36.75835,-70.76074
5cNLq,35.88089,-70.75828
ZiDDR,36.05431,-70.75826
yaruA,35.90039,-70.75798
4UX5G,35.19521,-70.75777
ld7IU,36.95936,-70.75656
YNyjW,37.32066,-70.75583
HNutG,37.1475,-70.75502
9E5Qg,36.29397,-70.75423
p5VhC,36.55389,-70.75309
ZU4z3,37.4388,-70.75116
jpZsS,35.21889,-70.75029
uYTZa,36.22724,-70.74901
RkVND,37.2178,-70.74818
vErys,36.09705,-70.74783
w5OGl,36.99489,-70.74361
MFoJQ,37.06046,-70.7389
ETtXM,36.32779,-70.73696
jj9Q7,35.89942,-70.73347
WdKXs,37.25798,-70.73192
pao5F,35.37631,-70.72994
Qa3sl,35.79748,-70.72847
w7DZt,35.73007,-70.72678
CigLC,34.64928,-70.72612
cj7d8,36.52984,-70.7222
wwfqv,36.37547,-70.71664
l2j3x,36.46356,-70.71583
4BS5t,35.89315,-70.71483
5P6e7,33.72893,-70.71482
UCRz5,36.83925,-70.71323
dQ7ST,35.49848,-70.71172
BWalg,36.19348,-70.71145
lHNTn,37.24607,-70.70737
aAdAa,36.95908,-70.70473
osS78,34.22959,-70.70167
lMLiK,37.16095,-70.69981
VMncq,34.63686,-70.69559
8P0Pi,35.61244,-70.69324
IsQTS,34.24232,-70.69276
V5M2T,34.98754,-70.69136
TKtxL,36.58063,-70.69091
jW8MJ,35.69248,-70.68881
Ptp38,37.34896,-70.68714
fyTSL,36.36639,-70.68701
JFo6C,36.53521,-70.68688
U1RRq,33.69473,-70.68382
ZjJ3n,34.2913,-70.68261
Te03l,33.54006,-70.68086
lwpt5,35.4698,-70.68044
IIXHs,33.9499,-70.67922
OMbSF,33.87012,-70.67749
KauPw,36.79378,-70.67731
ZhJBG,34.66226,-70.67668
LelYs,35.49383,-70.67345
SPJ7S,34.0601,-70.67211
qygwW,35.55754,-70.66922
lghPc,34.44087,-70.66827
b6CnK,34.40186,-70.66587
YxoJ8,36.23158,-70.66292
hsTNP,34.44753,-70.65938
D2GaW,36.06006,-70.6556
OR6zd,33.97041,-70.65233
4tFji,33.66458,-70.65232
2iO7g,35.37061,-70.64913
Jq9Iy,36.33178,-70.64889
vN9vZ,35.0444,-70.64794
8gvAS,37.04248,-70.64706
decYH,36.32087,-70.64591
OpOIy,36.89861,-70.6451
ALJjL,35.16262,-70.6446
4vIu5,33.75966,-70.64259
xP6l7,36.14275,-70.64246
EoFcM,33.9944,-70.64175
zSvff,35.5817,-70.63904
DLb86,33.5277,-70.63668
PcXqX,34.14471,-70.63613
wS3U6,37.40707,-70.63434
uJaZK,34.53472,-70.63317
yGF0A,34.87892,-70.63238
lJ7IL,35.67944,-70.63226
OyQId,36.28356,-70.63189
hRSqj,33.84342,-70.63125
83KoJ,36.43125,-70.62901
Wj3V7,36.88406,-70.62753
RTLB6,35.56592,-70.62689
j6XPc,37.00766,-70.62614
s96bL,35.35839,-70.62609
s0iN6,34.69389,-70.62024
pjQfQ,34.68611,-70.62022
PSHpr,34.93632,-70.61901
nARIO,36.84181,-70.61502
OmU8S,37.18602,-70.61425
P0ZME,36.5424,-70.61406
BuuKp,36.50064,-70.61404
5pG1x,37.37509,-70.61398
cZ4YT,36.05688,-70.61268
4pjF7,36.59253,-70.61251
soRa9,34.05138,-70.61191
ybror,35.13038,-70.61069
R6Lw1,33.57974,-70.61059
KFkFQ,36.86367,-70.61006
xBTnf,34.26556,-70.60982
n4n5X,33.8694,-70.60975
TXNwF,37.28815,-70.60954
MSimt,35.84898,-70.6093
oUWIc,35.90022,-70.60816
O0eTT,35.73904,-70.60773
3JsYa,33.65177,-70.60675
HDX5a,33.51734,-70.60616
rI4qz,33.64256,-70.60436
FOW2l,34.34144,-70.602
HisaO,36.04761,-70.59849
n3tCu,34.06054,-70.59691
Ff0Wo,36.68575,-70.59645
Y5LaL,35.45772,-70.59613
F6a4N,35.1454,-70.59599
L3vQj,34.20166,-70.59493
RLZW5,37.43569,-70.59198
H67p2,33.71654,-70.59116
CSzuU,35.15185,-70.58753
PAr11,34.15609,-70.58719
9lPBm,33.99716,-70.58364
KKguK,36.63844,-70.58291
QiqCJ,34.04933,-70.58186
jhdhk,37.30437,-70.58106
e3B3G,34.15218,-70.57568
ihayw,34.01243,-70.57518
Ev1Bw,34.7126,-70.57481
cKXX4,36.19936,-70.57478
9QYAy,34.84473,-70.57205
DLlrt,35.57294,-70.56848
CDAXA,37.36616,-70.56845
iXAbm,33.9603,-70.56548
0UuvN,35.63778,-70.56474
KbKlt,35.13402,-70.56358
DjkyT,34.47789,-70.56321
3CgNr,37.16233,-70.56232
nshfQ,33.82117,-70.55865
iN3ou,37.46317,-70.55607
RvdoW,37.12566,-70.55472
4UJ04,36.84329,-70.55394
aKsq0,36.12825,-70.55318
7HvBS,36.301,-70.5503
GScTy,33.63669,-70.54951
Rsfkp,36.30456,-70.54624
mhiGk,35.91264,-70.54599
gCBrg,35.95033,-70.54432
vYYvQ,33.72077,-70.54428
8qyFd,34.2436,-70.54244
tl1Im,35.4304,-70.5411
WTj6h,34.26333,-70.53711
KV8yi,36.44997,-70.53616
G3UYm,34.87091,-70.53526
QziE8,34.81079,-70.53427
1I66d,33.67479,-70.53217
npJXG,35.9871,-70.53121
8N6Xe,36.9357,-70.52842
W0VNj,36.50041,-70.52713
P2aE5,36.47285,-70.52558
JNmHe,34.54255,-70.52466
w1JTL,34.51055,-70.52239
SK7Oj,34.08605,-70.52237
OvBDh,33.55215,-70.52107
C2RRQ,33.54876,-70.51992
dIs0C,36.51938,-70.51788
jeX7W,36.14743,-70.51612
afGJy,37.49016,-70.51419
d9zhz,35.53672,-70.51368
WKulV,35.86731,-70.51179
WRzqY,36.03803,-70.51178
Kqxhk,34.18676,-70.51019
M1Ilk,34.54033,-70.50843
XD35D,34.96578,-70.50837
rbXUO,36.68079,-70.50831
k6tWD,33.9392,-70.50789
M3cbX,35.16041,-70.507
2Pqd8,36.03882,-70.5066
3SUXR,36.53206,-70.50013
aazlT,36.99949,-70.49887
4SOZX,36.74043,-70.49731
w2s1z,37.38518,-70.49615
5BJs0,34.49412,-70.49571
tAp41,33.9175,-70.49497
4knVl,35.68866,-70.49491
4z36z,34.01277,-70.49397
WJUBg,34.50692,-70.49297
ZXFZP,35.62152,-70.49221
jW3sh,35.02298,-70.49143
DEcwW,34.20115,-70.48847
LFUYg,33.6311,-70.48759
bRKch,37.4272,-70.48725
wibnB,35.77574,-70.4847
KDqa5,36.56965,-70.48379
ILVsC,34.57264,-70.48374
LZ9Ss,36.15745,-70.48299
sLgHW,34.94041,-70.48254
MFfJT,36.52526,-70.48205
70lYU,36.95065,-70.48143
UNTH0,35.25033,-70.48103
qhbuj,37.29258,-70.47426
u9biU,35.66844,-70.47371
KdrpK,34.66802,-70.4714
eqeLG,36.36267,-70.46943
Fqayk,34.24791,-70.46741
RtsCB,37.18267,-70.46311
8abTp,36.8291,-70.46178
B8jPB,34.2945,-70.46128
QOmKA,34.44094,-70.46114
erl5s,35.88075,-70.46107
ZTOVb,35.60756,-70.46071
GRTkp,35.75547,-70.45782
p1I7Q,36.54719,-70.45724
IbwAf,34.44744,-70.45389
9FsS8,34.76175,-70.45315
fAdiQ,36.76771,-70.45205
jko0R,37.06284,-70.44743
Yl1Vv,34.23933,-70.44547
h5bKq,36.54857,-70.44406
1kznj,33.57038,-70.44348
8SLSI,35.18044,-70.44015
PVr73,35.42352,-70.43972
FTs8B,33.79435,-70.43868
ZP5hv,35.41447,-70.43828
bb5Kl,36.39983,-70.43754
7365V,34.12399,-70.43738
AhZu1,37.29799,-70.43639
A91Gl,36.28201,-70.43609
2htE9,35.1775,-70.43513
RYk5v,34.95291,-70.43404
bruqX,37.00017,-70.43159
DPyv8,34.99659,-70.43126
BIpe0,36.45573,-70.43009
8NQAI,36.23847,-70.42972
OYN3w,35.15206,-70.42663
gK3QH,35.5287,-70.42508
yne6O,35.00057,-70.42289
DgxgF,34.76417,-70.42063
fraiI,33.7694,-70.41904
Z76fQ,36.02901,-70.41883
N5gkU,33.86767,-70.41873
ofXve,34.0023,-70.41751
RRgII,35.24016,-70.41686
R4etP,34.50673,-70.41677
z3wzZ,35.83778,-70.41557
Vls8Y,33.78938,-70.41521
QqceT,36.80994,-70.41038
sLQyD,34.79443,-70.40849
Ra45V,35.25841,-70.40815
fGIR1,36.06721,-70.40668
gar7P,37.11327,-70.40527
NQA1P,33.77609,-70.40388
V5cRX,36.1952,-70.40362
HN05b,36.71036,-70.40297
b2KbO,36.57312,-70.40288
5jGWV,34.52344,-70.40134
CzPxP,35.0263,-70.39999
MsSNx,33.50269,-70.39363
CfDbX,33.63133,-70.39112
PI6G2,33.77938,-70.39025
F1cS9,34.05201,-70.38872
JUBXK,36.28125,-70.38556
V3v33,36.65955,-70.38409
MG6kD,34.69946,-70.38083
PT8tc,34.85604,-70.37945
ydW2V,36.13404,-70.37772
Wzfbl,35.27956,-70.37702
UbmXj,36.40332,-70.37438
o40QY,35.98327,-70.3741
iYkCB,36.76081,-70.37056
DDPK4,36.35599,-70.36957
LTV59,37.41926,-70.36467
1bSrk,35.05936,-70.36214
0IhV5,36.18118,-70.36206
co2Sj,33.51638,-70.36188
QAM0V,35.64829,-70.36185
ffrkw,35.7466,-70.36165
HAr7z,36.42808,-70.36103
Yd3Iu,35.78617,-70.36018
IsENn,34.95014,-70.35813
hNp8R,37.42601,-70.35552
Mi135,34.65474,-70.3542
HYk9f,36.35524,-70.35288
sZ160,34.39754,-70.35092
0TYYi,36.37098,-70.3496
PD06Y,34.89312,-70.34905
C08jS,35.21839,-70.34773
jc3LJ,33.78845,-70.34711
acnc1,36.32017,-70.34098
gMqTC,36.28555,-70.3381
Y6tWx,34.7327,-70.33721
bbBzf,36.51091,-70.3361
E2ZF1,36.06098,-70.33583
5QQ5m,35.76919,-70.33515
FYGEA,36.04663,-70.33462
Lee7H,33.64234,-70.3329
HyBQV,34.25556,-70.33208
wuxpO,35.16752,-70.33151
fQdCq,35.25058,-70.33125
hb1Dv,34.57056,-70.32947
mSWFq,33.87569,-70.3286
wCRld,35.35578,-70.32777
t8h6p,36.80799,-70.3266
qeZgG,33.52983,-70.32575
JAWW1,36.5605,-70.32254
CWQWJ,33.83782,-70.32175
omDDS,37.47211,-70.32004
ZRYIv,35.9996,-70.31831
Aouyg,35.04486,-70.31815
gzGdk,33.68758,-70.31797
9wIwR,34.77099,-70.31702
1prS7,36.87062,-70.31631
MZOXN,33.87201,-70.31584
911zV,36.54262,-70.3158
gEFSR,34.09078,-70.31495
ItyZj,35.2004,-70.31467
uxIuK,36.17633,-70.31377
WREsd,36.28028,-70.31273
AYPI2,34.68728,-70.31145
ebmgr,36.16887,-70.30755
KvxA3,36.98689,-70.30753
Kkj8O,36.68802,-70.30743
dzcD7,37.3881,-70.30533
Z7ddW,35.92345,-70.30516
pBvkz,36.44355,-70.3048
Ktav4,36.71974,-70.30295
wIYte,35.12353,-70.30138
IX3Og,34.41666,-70.3013
ygvJT,36.30253,-70.3003
uR6FB,36.53697,-70.29247
FZZ0j,34.64773,-70.2909
xaNpX,35.91845,-70.28652
cwmfF,37.03531,-70.2857
QRw6b,37.43761,-70.28507
9uPPd,35.25976,-70.28361
hIK0e,35.50203,-70.28312
QVNwv,34.43755,-70.27884
y4JvU,35.55473,-70.27733
qJT1g,34.20306,-70.27459
MKshu,36.10799,-70.27272
Ba73f,34.9689,-70.27248
Gxvfo,36.46503,-70.27224
1eOsQ,33.85308,-70.27136
4Wndv,34.44423,-70.26952
DNZPx,33.87438,-70.26601
XgxsX,33.96406,-70.26384
uixy5,35.51176,-70.26154
00B1H,33.96363,-70.26029
6CG1V,34.79908,-70.25779
4KXhA,34.80637,-70.25768
6PQaj,35.82071,-70.25743
Ioy8h,34.10348,-70.25673
a3rFH,35.24021,-70.25506
tGBng,36.94031,-70.25097
0mR3v,33.99328,-70.24854
oqPgi,35.2292,-70.24356
acRXI,34.45585,-70.24322
DQyT9,35.40651,-70.24293
O17Y0,34.43511,-70.24205
YZGtr,35.88777,-70.24201
bnADt,35.33405,-70.23861
ZZG4z,35.70902,-70.23732
P3tUS,36.00464,-70.2344
peo5d,35.93769,-70.23291
5zhlF,33.70974,-70.232
HOo0X,33.89116,-70.23143
5PtAJ,34.8984,-70.23097
WjuAU,36.47607,-70.23084
B3K87,34.96312,-70.23017
yWAt5,33.93622,-70.23007
UCNev,36.66044,-70.22804
rTZZZ,35.47559,-70.22669
Qhuyi,36.09903,-70.22386
RCKUH,34.7176,-70.2225
s1UxJ,34.81022,-70.22245
2QIUa,36.44406,-70.22197
Zsh4o,35.60476,-70.22075
gDG26,37.17918,-70.21993
y22E2,34.44561,-70.21893
zbSgK,34.31807,-70.21342
q3aZN,37.30189,-70.20904
4mQ0f,34.89013,-70.20789
x7qTK,36.54428,-70.20506
AYSMw,36.76714,-70.20367
zgBro,37.44008,-70.20209
BNxjH,35.42486,-70.20197
BjDdg,33.84988,-70.20077
CkBAI,35.253,-70.20032
rjLif,33.70864,-70.19601
Q4sDb,33.56285,-70.19416
BZTKG,35.51949,-70.19358
CGmJI,35.18688,-70.19139
4nRRc,37.29182,-70.18846
5BJa5,34.20238,-70.18746
OAmlZ,34.88055,-70.18428
0Ujhu,35.15269,-70.18271
UUIL1,37.26492,-70.17948
yVCj3,35.38655,-70.17894
eyRjY,33.87522,-70.17677
IE6gd,35.82902,-70.17502
OcdBj,34.11902,-70.17434
2PYwE,34.15639,-70.1712
fL2v8,36.92128,-70.17082
QQzOe,35.21118,-70.17042
dNCLD,33.51409,-70.16858
1sGvv,35.15597,-70.16825
PLBab,33.91455,-70.16807
4vIoE,35.78365,-70.16798
gIPyS,35.27607,-70.16793
HWnZt,37.19616,-70.16553
I87Ax,36.26926,-70.16523
Potrq,37.25986,-70.16505
SgSRn,37.26655,-70.16331
yZgdf,37.23601,-70.15983
unexu,35.87496,-70.15756
2nlAT,34.74143,-70.15695
r3fPz,35.94138,-70.15551
A51od,36.97348,-70.15529
dlNKj,34.60848,-70.15254
0SlLy,37.33927,-70.15239
BrTxh,35.25829,-70.15224
RBeGq,36.96381,-70.15059
d1hxU,34.16126,-70.1498
jPkLP,34.46781,-70.14922
IuyR6,34.27789,-70.14821
BzGWk,33.9164,-70.14806
DBViv,35.6343,-70.14738
xkpXA,35.26761,-70.14456
jVcTm,36.07103,-70.14389
GTNtz,33.7999,-70.14313
wvLUX,36.71369,-70.14157
Stfrt,36.43725,-70.14093
Xs9cP,37.29434,-70.14004
dQ4gQ,35.52165,-70.13825
0zTK9,35.4562,-70.13695
72n3x,35.85069,-70.13302
FMDHt,37.38975,-70.13276
PutYi,36.49042,-70.1327
67RqA,34.57525,-70.132
9fUZc,34.09953,-70.13014
SqbiO,35.68867,-70.12908
3GtN4,35.4315,-70.12106
plT05,35.32989,-70.1202
FVL83,36.04343,-70.11931
VkKWS,36.84118,-70.11742
iVZw1,36.85029,-70.1169
oZDZG,35.46048,-70.11578
GZlnj,35.31725,-70.11254
XAu2t,37.28285,-70.11117
5TOpo,37.45127,-70.10891
1cVIN,37.03318,-70.10811
DI43j,36.32955,-70.10757
GVjeT,33.538,-70.10738
0e0BR,37.18029,-70.10298
VpP9z,36.40229,-70.10184
J8xpn,34.87212,-70.09814
OlNGz,35.98206,-70.09786
dDFj6,34.8694,-70.09759
uLdLU,36.55603,-70.09652
N9Udj,37.46191,-70.09644
c3cZv,37.40431,-70.09581
JHYSu,34.84812,-70.09527
LgPTo,33.69926,-70.09467
DSGZr,34.02753,-70.09331
mgjBp,34.55169,-70.09018
2uSlu,34.39035,-70.09018
JBWa9,36.45359,-70.08995
MAXwW,37.46358,-70.08882
d3YUT,36.17372,-70.08654
xujof,36.61862,-70.0835
xawaU,34.44623,-70.08251
NnnhG,34.96406,-70.08224
TKtRE,37.09493,-70.08211
LaMJx,34.39772,-70.0791
UCC2j,33.90561,-70.0777
m6CNs,35.07857,-70.07536
O0gQ0,34.29243,-70.07511
vKqtV,37.04341,-70.07454
GnqhA,34.2603,-70.07106
AZYvn,37.15257,-70.06812
TyHlx,36.26011,-70.06698
R22u9,36.11639,-70.06686
H4RFY,35.0665,-70.06471
74jSb,35.1176,-70.06432
NCNQx,36.51437,-70.06227
urgTv,34.51855,-70.06152
dxg8L,35.99767,-70.06119
Td9gW,35.18333,-70.06112
qF1Sg,36.4868,-70.06093
FTATc,34.35598,-70.06032
fsCdu,34.85401,-70.05599
7Q7vF,37.16728,-70.05482
uoG1F,37.23429,-70.04949
7je7i,34.57647,-70.04899
3nYcF,33.54113,-70.04626
KoU92,37.2362,-70.04579
D2aq7,34.16998,-70.0456
crQSn,33.51051,-70.04518
GxJvF,35.03386,-70.04317
SiSc3,36.70967,-70.04308
NTWML,36.53702,-70.04185
3BVWb,34.51929,-70.03896
PxuqU,35.35905,-70.03796
gw7lO,36.38971,-70.03765
Z5rJs,34.11629,-70.03752
QVjqd,33.54594,-70.03384
FY6qm,34.38135,-70.03229
rpFPZ,35.82061,-70.03186
miwGO,34.87277,-70.03154
mWW8c,33.75789,-70.02841
M1hfP,33.95403,-70.02631
5PGxC,34.70269,-70.02604
gBuEq,35.16166,-70.02439
pwdD9,35.59572,-70.02321
KwXqG,35.30232,-70.02307
k3V6D,37.17544,-70.02167
VHnDn,35.91792,-70.01891
FRFI0,33.78886,-70.01854
LT7nC,36.51546,-70.01623
gRS5Q,35.29494,-70.01486
d2RFN,36.58383,-70.01475
DQGa0,34.91883,-70.01451
lBeKg,34.66135,-70.01338
WJuhF,33.75118,-70.00363
l2fph,36.0547,-70.00164
DeOpO,35.50144,-70.00018